{"stats":{"minecraft:dropped":{"minecraft:stripped_spruce_log":1,"minecraft:brown_mushroom":3,"minecraft:dark_oak_stairs":3,"minecraft:wheat_seeds":30,"luminousworld:yellowpetunias":2,"luminousworld:ishstone":10,"minecraft:mossy_cobblestone":6,"minecraft:dripstone_block":1,"minecraft:iron_helmet":1,"minecraft:cobblestone":37,"iceandfire:dread_stone_stairs":1,"minecraft:leather":5,"minecraft:granite":20,"minecraft:chainmail_helmet":3,"minecraft:coal":5,"minecraft:stick":25,"minecraft:red_carpet":2,"minecraft:item_frame":2,"minecraft:dirt":60,"born_in_chaos_v1:black_argillite":1,"minecraft:diorite":40,"iceandfire:dread_sword":1,"minecraft:brown_wool":3,"iceandfire:dread_stone_bricks":1,"minecraft:snowball":6,"tombstone:grave_dust":4,"minecraft:gray_candle":4,"minecraft:iron_pickaxe":1,"minecraft:chainmail_leggings":3,"minecraft:dark_oak_planks":2,"minecraft:string":6,"minecraft:white_wool":1,"minecraft:bone":2,"luminousworld:clovers_1":1,"iceandfire:dread_shard":52,"minecraft:redstone":9,"minecraft:polished_diorite":14,"minecraft:creeper_head":1,"minecraft:oak_trapdoor":2,"minecraft:coarse_dirt":6,"minecraft:cobbled_deepslate":190,"minecraft:tuff":14,"minecraft:wheat":6,"tombstone:gift":2,"minecraft:stone_shovel":2,"minecraft:rotten_flesh":39,"minecraft:oak_planks":23,"minecraft:dark_oak_fence_gate":2,"minecraft:chainmail_chestplate":1,"luminousworld:yellow_grassflowers":1,"supplementaries:ash":1,"minecraft:cobblestone_slab":5,"minecraft:diamond_pickaxe":1,"minecraft:jungle_log":1,"aether:chainmail_gloves":1,"minecraft:bundle":3,"minecraft:beetroot_seeds":4,"minecraft:andesite":6,"minecraft:oak_sapling":1,"minecraft:spider_eye":3,"minecraft:barrel":1,"minecraft:arrow":1,"minecraft:stone_pickaxe":4,"iceandfire:dragonbone_sword_lightning":1,"born_in_chaos_v1:marigolds":5,"minecraft:cartography_table":1},"minecraft:broken":{"minecraft:chainmail_leggings":1,"minecraft:iron_chestplate":1,"minecraft:chainmail_helmet":1,"minecraft:chainmail_boots":1,"minecraft:stone_pickaxe":1,"minecraft:shield":1,"minecraft:chainmail_chestplate":1,"minecraft:iron_axe":1,"minecraft:stone_axe":1,"aether:chainmail_gloves":1},"minecraft:killed_by":{"iceandfire:dread_thrall":4,"born_in_chaos_v1:corpse_fly":2,"iceandfire:dread_ghoul":9,"iceandfire:dread_knight":5,"minecraft:skeleton":2,"enemyexpansion:botfly":1,"minecraft:zombie":5},"minecraft:killed":{"minecraft:cave_spider":1,"alexsmobs:raccoon":2,"luminousworld:frost_bitten_skeleton":2,"enemyexpansion:direwolf":1,"born_in_chaos_v1:maggot":3,"creeperoverhaul:snowy_creeper":1,"minecraft:skeleton":2,"iceandfire:dread_thrall":12,"minecraft:wolf":1,"earthmobsmod:wooly_cow":3,"minecraft:zombie":21,"born_in_chaos_v1:corpse_fly":6,"enemyexpansion:botfly":3,"iceandfire:dread_ghoul":3},"minecraft:custom":{"minecraft:mob_kills":66,"minecraft:interact_with_crafting_table":16,"minecraft:open_barrel":7,"minecraft:damage_dealt_resisted":35,"minecraft:leave_game":7,"minecraft:time_since_death":31443,"minecraft:sprint_one_cm":285176,"minecraft:walk_one_cm":437306,"minecraft:damage_blocked_by_shield":2155,"minecraft:drop":147,"minecraft:talked_to_villager":3,"minecraft:play_time":235688,"minecraft:sneak_time":3255,"minecraft:deaths":33,"minecraft:walk_under_water_one_cm":3121,"minecraft:jump":1549,"minecraft:interact_with_blast_furnace":7,"minecraft:walk_on_water_one_cm":14567,"minecraft:total_world_time":235688,"minecraft:sleep_in_bed":4,"minecraft:time_since_rest":11418,"minecraft:damage_taken":10657,"minecraft:damage_dealt":11504,"minecraft:player_kills":2,"minecraft:swim_one_cm":2253,"minecraft:fly_one_cm":276573,"minecraft:open_chest":50,"minecraft:crouch_one_cm":10098,"tombstone:undead_killed":40,"minecraft:interact_with_smoker":7,"minecraft:fall_one_cm":37913},"minecraft:crafted":{"minecraft:oak_planks":40,"aether:iron_ring":1,"minecraft:iron_boots":1,"minecraft:stone_pickaxe":2,"minecraft:wheat":90,"minecraft:crafting_table":3,"minecraft:spruce_planks":28,"minecraft:iron_helmet":1,"minecraft:baked_potato":15,"minecraft:birch_planks":16,"minecraft:stone_axe":1,"minecraft:bread":33,"minecraft:air":0,"aether:iron_gloves":1,"minecraft:iron_chestplate":1,"minecraft:diamond_pickaxe":1,"minecraft:shield":1,"minecraft:stick":20,"minecraft:iron_ingot":29,"minecraft:iron_pickaxe":1,"minecraft:iron_leggings":1,"minecraft:torch":28},"minecraft:used":{"minecraft:stone_shovel":20,"minecraft:chest":1,"minecraft:shield":108,"minecraft:iron_sword":129,"minecraft:rotten_flesh":13,"minecraft:torch":63,"minecraft:carrot":10,"minecraft:tuff":2,"minecraft:stripped_spruce_log":4,"born_in_chaos_v1:corpse_maggot":10,"minecraft:iron_axe":184,"supplementaries:ash":2,"tombstone:gift":6,"minecraft:potato":8,"minecraft:cobbled_deepslate":28,"minecraft:cooked_mutton":4,"minecraft:baked_potato":15,"minecraft:birch_planks":2,"minecraft:oak_planks":21,"minecraft:stone_pickaxe":140,"minecraft:brown_mushroom":1,"minecraft:chainmail_helmet":2,"minecraft:mossy_cobblestone":2,"minecraft:crafting_table":7,"minecraft:blast_furnace":1,"iceandfire:dragonbone_sword_lightning":2,"minecraft:black_bed":2,"minecraft:smoker":1,"minecraft:diamond_pickaxe":1000,"minecraft:apple":4,"minecraft:iron_pickaxe":99,"iceandfire:dread_sword":2,"minecraft:bread":10,"minecraft:stone_axe":67,"minecraft:cobblestone":3,"minecraft:andesite":1,"alexsmobs:animal_dictionary":2,"minecraft:coarse_dirt":1},"minecraft:mined":{"minecraft:dark_oak_planks":2,"minecraft:tuff":45,"minecraft:red_carpet":1,"minecraft:spruce_planks":1,"luminousworld:yellowpetunias":2,"minecraft:mossy_cobblestone":3,"minecraft:deepslate_diamond_ore":22,"minecraft:cobblestone_stairs":1,"minecraft:brewing_stand":1,"minecraft:spruce_trapdoor":1,"minecraft:granite":15,"minecraft:grass_block":8,"minecraft:yellow_carpet":3,"born_in_chaos_v1:black_argillite":1,"minecraft:polished_diorite":14,"minecraft:spruce_leaves":4,"minecraft:cartography_table":1,"minecraft:hay_block":11,"minecraft:light_blue_wall_banner":2,"minecraft:oak_trapdoor":1,"luminousworld:yellow_grassflowers":1,"minecraft:carrots":1,"minecraft:iron_ore":1,"minecraft:cobbled_deepslate":1,"minecraft:fire":2,"minecraft:snow":4,"minecraft:andesite":14,"minecraft:dark_oak_fence_gate":1,"minecraft:stripped_spruce_log":9,"minecraft:deepslate_lapis_ore":5,"minecraft:dark_oak_stairs":3,"minecraft:bookshelf":3,"minecraft:potatoes":17,"minecraft:cobblestone_slab":1,"minecraft:deepslate_iron_ore":17,"minecraft:lantern":1,"luminousworld:clovers_3":1,"iceandfire:dread_stone_bricks_cracked":1,"minecraft:stone":138,"minecraft:potted_allium":1,"minecraft:spruce_slab":3,"minecraft:deepslate_redstone_ore":4,"minecraft:glass_pane":1,"born_in_chaos_v1:marigolds":5,"minecraft:snow_block":15,"minecraft:smoker":1,"minecraft:powder_snow":4,"minecraft:crafting_table":3,"minecraft:torch":4,"minecraft:blast_furnace":1,"minecraft:chest":1,"minecraft:campfire":1,"minecraft:copper_ore":1,"minecraft:cobblestone":10,"minecraft:deepslate_gold_ore":1,"minecraft:oak_planks":7,"minecraft:wall_torch":1,"minecraft:diorite":8,"minecraft:coarse_dirt":3,"minecraft:birch_log":4,"minecraft:wheat":19,"minecraft:spruce_log":9,"minecraft:birch_leaves":2,"minecraft:white_carpet":7,"minecraft:black_bed":1,"minecraft:smooth_stone_slab":1,"luminousworld:ishstone":20,"minecraft:dirt":4,"minecraft:dripstone_block":2,"luminousworld:grassvariant_3":1,"minecraft:cobweb":4,"minecraft:deepslate":783,"minecraft:gray_candle":1},"minecraft:picked_up":{"iceandfire:dread_stone_bricks":1,"minecraft:charcoal":2,"minecraft:coarse_dirt":7,"minecraft:crafting_table":4,"minecraft:wheat":15,"minecraft:chainmail_boots":1,"minecraft:creeper_head":2,"minecraft:brown_mushroom":3,"minecraft:brewing_stand":1,"born_in_chaos_v1:black_argillite":1,"minecraft:raw_copper":5,"minecraft:string":9,"minecraft:oak_trapdoor":2,"minecraft:item_frame":4,"minecraft:cartography_table":2,"minecraft:cobbled_deepslate":767,"minecraft:spruce_planks":1,"minecraft:beef":6,"iceandfire:dread_shard":81,"minecraft:cobblestone_slab":5,"minecraft:iron_pickaxe":2,"minecraft:spruce_slab":3,"minecraft:chest":1,"minecraft:raw_iron":18,"minecraft:stick":22,"minecraft:torch":22,"iceandfire:dread_sword":3,"minecraft:spruce_stairs":1,"sophisticatedbackpacks:backpack":1,"tombstone:grave_dust":8,"minecraft:diorite":40,"minecraft:redstone":14,"minecraft:dark_oak_planks":2,"minecraft:arrow":3,"minecraft:stone_shovel":2,"minecraft:rotten_flesh":30,"luminousworld:yellow_grassflowers":1,"minecraft:beetroot_seeds":2,"aether:chainmail_gloves":1,"minecraft:hay_block":10,"supplementaries:ash":4,"minecraft:white_wool":1,"minecraft:cod":1,"minecraft:snowball":64,"minecraft:cobblestone":159,"minecraft:birch_log":4,"born_in_chaos_v1:corpse_maggot":10,"minecraft:andesite":17,"minecraft:leather":5,"luminousworld:ishstone":28,"minecraft:black_bed":2,"minecraft:brown_wool":3,"minecraft:smoker":1,"minecraft:potato":15,"minecraft:tuff":42,"minecraft:oak_log":10,"minecraft:chainmail_chestplate":2,"minecraft:cobblestone_stairs":1,"minecraft:lapis_lazuli":31,"minecraft:dirt":62,"tombstone:gift":2,"born_in_chaos_v1:marigolds":10,"minecraft:cooked_mutton":4,"minecraft:red_carpet":2,"minecraft:bone":28,"minecraft:light_blue_banner":2,"iceandfire:dread_stone_slab":1,"minecraft:wheat_seeds":30,"minecraft:iron_ingot":1,"minecraft:stone_pickaxe":4,"iceandfire:dread_stone_stairs":1,"minecraft:gray_candle":4,"minecraft:iron_sword":1,"minecraft:oak_planks":10,"minecraft:dark_oak_stairs":3,"minecraft:book":9,"luminousworld:clovers_1":1,"minecraft:dripstone_block":2,"minecraft:stripped_spruce_log":6,"minecraft:blast_furnace":1,"minecraft:spruce_log":8,"iceandfire:dragonbone_sword_lightning":2,"minecraft:dark_oak_fence_gate":2,"minecraft:spider_eye":3,"minecraft:barrel":1,"minecraft:mossy_cobblestone":8,"minecraft:bundle":3,"minecraft:diamond":23,"minecraft:polished_diorite":14,"luminousworld:yellowpetunias":2,"minecraft:chainmail_leggings":3,"minecraft:granite":30,"minecraft:chainmail_helmet":4,"minecraft:bread":2,"minecraft:emerald":2,"tombstone:magic_scroll":1,"minecraft:oak_sapling":1,"minecraft:coal":9,"minecraft:diamond_pickaxe":1}},"DataVersion":3465}