{"stats":{"minecraft:mined":{"minecraft:coarse_dirt":2,"minecraft:birch_log":4,"minecraft:fire":1,"minecraft:powder_snow":4,"minecraft:brewing_stand":1,"minecraft:torch":2,"minecraft:cobblestone":4,"minecraft:oak_planks":1,"minecraft:gray_candle":1},"minecraft:crafted":{"minecraft:oak_planks":40,"minecraft:crafting_table":1,"minecraft:stick":20,"minecraft:stone_pickaxe":2,"minecraft:birch_planks":16,"minecraft:stone_axe":1},"minecraft:picked_up":{"minecraft:birch_log":4,"minecraft:coarse_dirt":1,"born_in_chaos_v1:corpse_maggot":5,"minecraft:stick":2,"minecraft:crafting_table":1,"minecraft:torch":19,"sophisticatedbackpacks:backpack":1,"minecraft:oak_log":10,"tombstone:grave_dust":3,"minecraft:brewing_stand":1,"minecraft:string":2,"minecraft:rotten_flesh":19,"tombstone:magic_scroll":1,"minecraft:oak_sapling":1,"minecraft:gray_candle":4,"minecraft:oak_planks":2,"minecraft:cobblestone":13},"minecraft:killed":{"minecraft:cave_spider":1,"minecraft:zombie":21,"enemyexpansion:botfly":3,"born_in_chaos_v1:maggot":3},"minecraft:broken":{"minecraft:stone_axe":1},"minecraft:dropped":{"minecraft:oak_sapling":1,"minecraft:oak_planks":20,"minecraft:gray_candle":4},"minecraft:killed_by":{"born_in_chaos_v1:corpse_fly":2,"enemyexpansion:botfly":1,"minecraft:zombie":2},"minecraft:used":{"born_in_chaos_v1:corpse_maggot":5,"minecraft:birch_planks":2,"minecraft:iron_axe":51,"minecraft:stone_pickaxe":8,"minecraft:oak_planks":10,"minecraft:rotten_flesh":11,"minecraft:stone_axe":67,"minecraft:torch":21,"minecraft:cobblestone":2,"minecraft:crafting_table":2,"minecraft:carrot":2,"tombstone:gift":4,"alexsmobs:animal_dictionary":2,"minecraft:potato":8},"minecraft:custom":{"minecraft:time_since_rest":2618,"minecraft:sprint_one_cm":73065,"minecraft:damage_taken":1720,"minecraft:walk_one_cm":88730,"minecraft:mob_kills":29,"minecraft:drop":3,"minecraft:damage_dealt":4696,"minecraft:swim_one_cm":2253,"minecraft:interact_with_crafting_table":3,"minecraft:player_kills":1,"minecraft:fly_one_cm":52424,"minecraft:open_chest":12,"minecraft:crouch_one_cm":3277,"minecraft:play_time":25073,"tombstone:undead_killed":21,"minecraft:deaths":5,"minecraft:sneak_time":1292,"minecraft:walk_under_water_one_cm":2421,"minecraft:damage_dealt_resisted":35,"minecraft:jump":314,"minecraft:time_since_death":3019,"minecraft:walk_on_water_one_cm":13761,"minecraft:total_world_time":25073,"minecraft:fall_one_cm":3410}},"DataVersion":3465}