{"stats":{"minecraft:custom":{"minecraft:interact_with_crafting_table":23,"minecraft:open_barrel":16,"minecraft:eat_cake_slice":2,"minecraft:leave_game":8,"minecraft:time_since_death":13874,"minecraft:sprint_one_cm":435448,"minecraft:damage_blocked_by_shield":2155,"minecraft:drop":190,"minecraft:talked_to_villager":4,"minecraft:play_time":298736,"minecraft:deaths":34,"minecraft:jump":2504,"minecraft:interact_with_brewingstand":3,"minecraft:walk_on_water_one_cm":21437,"minecraft:interact_with_loom":1,"minecraft:sleep_in_bed":4,"minecraft:damage_dealt":14725,"minecraft:player_kills":2,"minecraft:crouch_one_cm":14350,"tombstone:undead_killed":47,"minecraft:interact_with_smoker":7,"minecraft:mob_kills":81,"minecraft:damage_dealt_resisted":35,"minecraft:climb_one_cm":6939,"minecraft:walk_one_cm":620617,"minecraft:sneak_time":4937,"minecraft:walk_under_water_one_cm":5905,"minecraft:interact_with_blast_furnace":8,"minecraft:total_world_time":298736,"minecraft:time_since_rest":13457,"minecraft:damage_taken":12479,"minecraft:swim_one_cm":9251,"minecraft:fly_one_cm":450058,"minecraft:open_chest":62,"minecraft:fall_one_cm":63263},"minecraft:picked_up":{"iceandfire:dread_stone_bricks":1,"minecraft:wheat":49,"minecraft:chainmail_boots":1,"minecraft:creeper_head":2,"minecraft:brewing_stand":1,"born_in_chaos_v1:black_argillite":1,"minecraft:string":9,"minecraft:raw_copper":5,"minecraft:cobbled_deepslate":889,"minecraft:tnt_minecart":2,"minecraft:gold_nugget":8,"minecraft:smooth_stone":1,"minecraft:spruce_planks":20,"minecraft:cobblestone_slab":5,"minecraft:calcite":9,"minecraft:iron_pickaxe":2,"minecraft:stick":22,"minecraft:torch":28,"iceandfire:dread_sword":3,"minecraft:spruce_stairs":1,"tombstone:grave_dust":12,"minecraft:diorite":41,"minecraft:waxed_cut_copper_stairs":1,"minecraft:rotten_flesh":46,"luminousworld:yellow_grassflowers":1,"aether:chainmail_gloves":1,"minecraft:iron_block":1,"supplementaries:ash":6,"friendsandfoes:waxed_oxidized_copper_button":1,"minecraft:cod":1,"minecraft:snowball":64,"minecraft:cobblestone":159,"minecraft:birch_log":4,"minecraft:repeater":2,"minecraft:andesite":17,"minecraft:black_bed":2,"minecraft:brown_wool":3,"minecraft:smoker":1,"minecraft:potato":15,"minecraft:flint":1,"minecraft:tuff":42,"minecraft:lapis_lazuli":31,"minecraft:dirt":63,"born_in_chaos_v1:marigolds":10,"minecraft:bone":96,"iceandfire:dread_stone_slab":1,"minecraft:wheat_seeds":114,"minecraft:raw_gold":11,"minecraft:gray_candle":4,"minecraft:oak_planks":12,"minecraft:stripped_spruce_log":6,"iceandfire:dragonbone_sword_lightning":2,"minecraft:mossy_cobblestone":8,"minecraft:barrel":1,"minecraft:bundle":3,"minecraft:diamond":26,"luminousworld:yellowpetunias":2,"minecraft:granite":30,"minecraft:bread":2,"minecraft:emerald":2,"minecraft:chainmail_helmet":4,"minecraft:oak_sapling":1,"minecraft:diamond_pickaxe":1,"minecraft:charcoal":2,"minecraft:crafting_table":7,"minecraft:coarse_dirt":7,"minecraft:redstone_lamp":7,"minecraft:brown_mushroom":3,"minecraft:oak_trapdoor":2,"born_in_chaos_v1:intoxicating_decoction":1,"minecraft:item_frame":4,"minecraft:cyan_carpet":6,"minecraft:cartography_table":2,"minecraft:beef":6,"iceandfire:dread_shard":81,"minecraft:spruce_slab":3,"minecraft:chest":1,"minecraft:raw_iron":18,"sophisticatedbackpacks:backpack":1,"minecraft:redstone":19,"minecraft:dark_oak_planks":2,"minecraft:arrow":5,"minecraft:stone_shovel":2,"minecraft:beetroot_seeds":2,"minecraft:hay_block":21,"minecraft:black_banner":1,"minecraft:white_wool":1,"born_in_chaos_v1:corpse_maggot":10,"luminousworld:ishstone":28,"minecraft:leather":5,"minecraft:oak_log":11,"minecraft:chainmail_chestplate":2,"minecraft:cobblestone_stairs":1,"tombstone:gift":2,"minecraft:cooked_mutton":4,"minecraft:red_carpet":2,"minecraft:light_blue_banner":2,"minecraft:iron_ingot":2,"minecraft:stone_pickaxe":4,"iceandfire:dread_stone_stairs":1,"tombstone:bag_of_seeds":2,"minecraft:iron_sword":1,"minecraft:dark_oak_stairs":3,"minecraft:book":9,"luminousworld:clovers_1":1,"minecraft:dandelion":23,"minecraft:dripstone_block":2,"minecraft:gravel":1,"minecraft:blast_furnace":2,"minecraft:spruce_log":8,"minecraft:dark_oak_fence_gate":2,"minecraft:spider_eye":3,"minecraft:polished_diorite":14,"minecraft:chainmail_leggings":3,"minecraft:diamond_axe":1,"tombstone:magic_scroll":1,"minecraft:coal":9,"minecraft:ender_pearl":1},"minecraft:used":{"minecraft:chest":1,"minecraft:shield":108,"minecraft:iron_sword":129,"minecraft:rotten_flesh":13,"minecraft:carrot":10,"minecraft:tuff":28,"minecraft:stripped_spruce_log":4,"born_in_chaos_v1:corpse_maggot":10,"minecraft:repeater":2,"minecraft:redstone_lamp":1,"supplementaries:ash":2,"minecraft:potato":8,"minecraft:stone_pickaxe":140,"minecraft:oak_planks":21,"minecraft:chainmail_helmet":2,"minecraft:diamond_axe":43,"minecraft:blast_furnace":1,"iceandfire:dragonbone_sword_lightning":27,"minecraft:black_bed":2,"minecraft:bread":42,"iceandfire:dread_sword":2,"friendsandfoes:waxed_oxidized_copper_button":1,"minecraft:andesite":1,"minecraft:coarse_dirt":1,"minecraft:stone_shovel":20,"minecraft:redstone":4,"minecraft:torch":65,"minecraft:iron_axe":184,"tombstone:gift":6,"minecraft:cobbled_deepslate":208,"minecraft:wheat_seeds":6,"minecraft:cooked_mutton":4,"minecraft:water_bucket":4,"minecraft:birch_planks":2,"minecraft:baked_potato":15,"minecraft:brown_mushroom":1,"minecraft:mossy_cobblestone":2,"minecraft:crafting_table":11,"minecraft:smoker":1,"minecraft:diamond_pickaxe":1187,"minecraft:apple":4,"minecraft:iron_pickaxe":99,"minecraft:tnt_minecart":2,"minecraft:stone_axe":67,"minecraft:cobblestone":3,"minecraft:bucket":5,"alexsmobs:animal_dictionary":2},"minecraft:dropped":{"minecraft:brown_mushroom":3,"minecraft:dark_oak_stairs":3,"minecraft:diamond_axe":1,"luminousworld:yellowpetunias":2,"minecraft:leather":5,"minecraft:red_carpet":2,"minecraft:item_frame":2,"minecraft:redstone_lamp":6,"minecraft:dirt":63,"tombstone:bag_of_seeds":3,"iceandfire:dread_sword":1,"minecraft:snowball":6,"iceandfire:dread_stone_bricks":1,"minecraft:gold_nugget":8,"minecraft:gray_candle":4,"minecraft:iron_pickaxe":1,"minecraft:dark_oak_planks":2,"minecraft:white_wool":1,"minecraft:cyan_carpet":6,"luminousworld:clovers_1":1,"iceandfire:dread_shard":142,"minecraft:bone":134,"minecraft:waxed_cut_copper_stairs":1,"minecraft:cobbled_deepslate":190,"minecraft:wheat":7,"tombstone:gift":2,"minecraft:rotten_flesh":55,"minecraft:oak_planks":25,"minecraft:dark_oak_fence_gate":2,"minecraft:chainmail_chestplate":1,"supplementaries:ash":3,"minecraft:beetroot_seeds":4,"minecraft:jungle_log":1,"minecraft:arrow":1,"born_in_chaos_v1:marigolds":5,"iceandfire:manuscript":5,"minecraft:cartography_table":1,"minecraft:stripped_spruce_log":1,"minecraft:wheat_seeds":108,"luminousworld:ishstone":28,"minecraft:mossy_cobblestone":6,"minecraft:dripstone_block":1,"minecraft:iron_helmet":1,"minecraft:cobblestone":37,"iceandfire:dread_stone_stairs":1,"minecraft:granite":20,"minecraft:chainmail_helmet":3,"minecraft:coal":5,"minecraft:stick":27,"born_in_chaos_v1:black_argillite":1,"minecraft:diorite":41,"minecraft:brown_wool":3,"tombstone:grave_dust":8,"minecraft:iron_leggings":1,"minecraft:chainmail_leggings":3,"minecraft:string":6,"minecraft:redstone":10,"minecraft:polished_diorite":14,"minecraft:creeper_head":1,"minecraft:oak_trapdoor":2,"minecraft:coarse_dirt":6,"minecraft:tuff":14,"minecraft:stone_shovel":2,"luminousworld:yellow_grassflowers":1,"minecraft:cobblestone_slab":5,"aether:chainmail_gloves":1,"minecraft:bundle":3,"minecraft:diamond_pickaxe":1,"minecraft:andesite":6,"minecraft:oak_sapling":1,"minecraft:barrel":1,"minecraft:spider_eye":3,"iceandfire:dragonbone_sword_lightning":1,"minecraft:stone_pickaxe":4,"minecraft:raw_gold":11,"minecraft:calcite":9},"minecraft:killed":{"born_in_chaos_v1:zombie_clown":1,"minecraft:cave_spider":1,"born_in_chaos_v1:zombie_lumberjack":1,"luminousworld:frost_bitten_skeleton":2,"minecraft:skeleton":3,"minecraft:wolf":1,"minecraft:zombie":21,"born_in_chaos_v1:corpse_fly":6,"enemyexpansion:botfly":4,"iceandfire:dread_ghoul":3,"alexsmobs:raccoon":2,"enemyexpansion:direwolf":1,"born_in_chaos_v1:maggot":3,"creeperoverhaul:snowy_creeper":1,"iceandfire:dread_thrall":12,"undead_revamp2:thebidy":1,"born_in_chaos_v1:seared_spirit_not_despawn":1,"friendsandfoes:copper_golem":1,"minecraft:husk":2,"undead_revamp2:the_moonflower":1,"earthmobsmod:wooly_cow":3,"minecraft:enderman":1},"minecraft:killed_by":{"born_in_chaos_v1:corpse_fly":2,"iceandfire:dread_ghoul":9,"minecraft:zombie":5,"minecraft:husk":1,"iceandfire:dread_thrall":4,"iceandfire:dread_knight":5,"minecraft:skeleton":2,"enemyexpansion:botfly":1},"minecraft:mined":{"minecraft:dark_oak_planks":2,"minecraft:spruce_planks":1,"luminousworld:yellowpetunias":2,"minecraft:cobblestone_stairs":1,"minecraft:brewing_stand":1,"minecraft:spruce_trapdoor":1,"minecraft:granite":15,"minecraft:grass_block":8,"minecraft:yellow_carpet":3,"minecraft:polished_diorite":14,"minecraft:spawner":2,"minecraft:iron_ore":1,"minecraft:cobbled_deepslate":1,"minecraft:fire":5,"minecraft:deepslate_lapis_ore":5,"minecraft:dark_oak_stairs":3,"iceandfire:gold_pile":1,"minecraft:dirt_path":1,"minecraft:iron_block":1,"iceandfire:dread_stone_bricks_cracked":1,"minecraft:spruce_slab":3,"minecraft:green_bed":1,"minecraft:waxed_cut_copper_stairs":1,"minecraft:deepslate_redstone_ore":4,"minecraft:smoker":1,"minecraft:powder_snow":4,"minecraft:torch":9,"minecraft:blast_furnace":2,"minecraft:calcite":9,"minecraft:chest":1,"minecraft:cobblestone":10,"minecraft:oak_planks":8,"minecraft:wall_torch":2,"minecraft:birch_log":4,"minecraft:wheat":54,"minecraft:black_bed":1,"minecraft:smooth_stone_slab":1,"minecraft:grass":2,"minecraft:dirt":4,"luminousworld:grassvariant_3":1,"minecraft:cyan_candle":1,"minecraft:deepslate":925,"minecraft:gray_candle":1,"minecraft:redstone_lamp":1,"minecraft:red_carpet":1,"minecraft:tuff":45,"minecraft:mossy_cobblestone":3,"minecraft:deepslate_diamond_ore":25,"born_in_chaos_v1:black_argillite":1,"luminousworld:grassvariant_2":1,"minecraft:spruce_leaves":4,"minecraft:cartography_table":1,"minecraft:hay_block":22,"minecraft:light_blue_wall_banner":2,"minecraft:oak_trapdoor":1,"minecraft:carrots":1,"luminousworld:yellow_grassflowers":1,"minecraft:snow":4,"minecraft:dark_oak_fence_gate":1,"minecraft:andesite":14,"minecraft:stripped_spruce_log":9,"minecraft:bookshelf":3,"minecraft:potatoes":17,"minecraft:deepslate_iron_ore":17,"minecraft:cobblestone_slab":1,"minecraft:lantern":1,"luminousworld:clovers_3":1,"minecraft:stone":138,"minecraft:potted_allium":1,"minecraft:glass_pane":1,"born_in_chaos_v1:marigolds":5,"minecraft:snow_block":15,"minecraft:dandelion":24,"minecraft:crafting_table":6,"minecraft:campfire":1,"minecraft:tall_grass":1,"minecraft:copper_ore":1,"minecraft:deepslate_gold_ore":1,"minecraft:diorite":9,"minecraft:coarse_dirt":3,"minecraft:black_wall_banner":1,"minecraft:white_carpet":7,"minecraft:spruce_log":9,"minecraft:birch_leaves":2,"luminousworld:ishstone":20,"minecraft:gravel":2,"minecraft:dripstone_block":2,"minecraft:cobweb":4,"minecraft:mossy_stone_bricks":1,"minecraft:gold_ore":11},"minecraft:crafted":{"minecraft:oak_planks":44,"aether:iron_ring":1,"minecraft:iron_boots":1,"minecraft:diamond_axe":1,"minecraft:crafting_table":5,"minecraft:spruce_planks":28,"minecraft:iron_helmet":1,"minecraft:baked_potato":15,"minecraft:birch_planks":16,"minecraft:iron_chestplate":1,"minecraft:diamond_pickaxe":1,"minecraft:shield":3,"minecraft:stick":24,"minecraft:iron_ingot":38,"minecraft:iron_pickaxe":1,"minecraft:stone_pickaxe":2,"minecraft:wheat":189,"minecraft:bucket":1,"minecraft:stone_axe":1,"minecraft:bread":77,"minecraft:air":0,"aether:iron_gloves":1,"minecraft:iron_leggings":1,"minecraft:torch":28},"minecraft:broken":{"minecraft:iron_chestplate":1,"minecraft:chainmail_boots":1,"minecraft:stone_pickaxe":1,"minecraft:chainmail_chestplate":1,"minecraft:stone_axe":1,"aether:chainmail_gloves":1,"minecraft:chainmail_leggings":1,"minecraft:chainmail_helmet":1,"minecraft:shield":1,"minecraft:iron_axe":1}},"DataVersion":3465}