{"stats":{"minecraft:dropped":{"minecraft:stripped_spruce_log":1,"minecraft:brown_mushroom":3,"minecraft:wheat_seeds":30,"luminousworld:yellowpetunias":2,"luminousworld:ishstone":10,"minecraft:mossy_cobblestone":4,"minecraft:dripstone_block":1,"minecraft:iron_helmet":1,"minecraft:cobblestone":33,"minecraft:leather":5,"minecraft:granite":20,"minecraft:chainmail_helmet":1,"minecraft:coal":5,"minecraft:red_carpet":2,"minecraft:stick":25,"minecraft:dirt":60,"born_in_chaos_v1:black_argillite":1,"minecraft:diorite":40,"minecraft:brown_wool":3,"tombstone:grave_dust":2,"minecraft:gray_candle":4,"minecraft:iron_pickaxe":1,"minecraft:chainmail_leggings":2,"minecraft:redstone":9,"minecraft:polished_diorite":3,"minecraft:oak_trapdoor":2,"minecraft:coarse_dirt":5,"minecraft:cobbled_deepslate":190,"minecraft:tuff":14,"tombstone:gift":1,"minecraft:stone_shovel":2,"minecraft:rotten_flesh":29,"minecraft:oak_planks":20,"minecraft:dark_oak_fence_gate":2,"luminousworld:yellow_grassflowers":1,"minecraft:cobblestone_slab":5,"aether:chainmail_gloves":1,"minecraft:beetroot_seeds":4,"minecraft:andesite":6,"minecraft:oak_sapling":1,"minecraft:barrel":1,"minecraft:spider_eye":3,"iceandfire:dragonbone_sword_lightning":1,"minecraft:stone_pickaxe":3,"minecraft:cartography_table":1},"minecraft:broken":{"minecraft:stone_pickaxe":1,"minecraft:iron_axe":1,"minecraft:stone_axe":1},"minecraft:killed_by":{"born_in_chaos_v1:corpse_fly":2,"minecraft:skeleton":2,"enemyexpansion:botfly":1,"minecraft:zombie":3},"minecraft:killed":{"minecraft:cave_spider":1,"luminousworld:frost_bitten_skeleton":1,"enemyexpansion:direwolf":1,"born_in_chaos_v1:maggot":3,"minecraft:skeleton":2,"iceandfire:dread_thrall":1,"minecraft:wolf":1,"earthmobsmod:wooly_cow":3,"minecraft:zombie":21,"born_in_chaos_v1:corpse_fly":6,"enemyexpansion:botfly":3},"minecraft:custom":{"minecraft:mob_kills":44,"minecraft:interact_with_crafting_table":8,"minecraft:open_barrel":7,"minecraft:damage_dealt_resisted":35,"minecraft:leave_game":1,"minecraft:time_since_death":16074,"minecraft:sprint_one_cm":187605,"minecraft:walk_one_cm":237133,"minecraft:damage_blocked_by_shield":515,"minecraft:drop":105,"minecraft:talked_to_villager":2,"minecraft:play_time":132570,"minecraft:sneak_time":1383,"minecraft:deaths":9,"minecraft:walk_under_water_one_cm":3121,"minecraft:jump":833,"minecraft:walk_on_water_one_cm":13929,"minecraft:total_world_time":132570,"minecraft:sleep_in_bed":1,"minecraft:time_since_rest":15651,"minecraft:damage_taken":3419,"minecraft:damage_dealt":7478,"minecraft:player_kills":2,"minecraft:swim_one_cm":2253,"minecraft:fly_one_cm":144236,"minecraft:open_chest":24,"minecraft:crouch_one_cm":3428,"tombstone:undead_killed":25,"minecraft:interact_with_smoker":5,"minecraft:fall_one_cm":20305},"minecraft:crafted":{"minecraft:oak_planks":40,"minecraft:stone_pickaxe":2,"minecraft:crafting_table":1,"minecraft:baked_potato":12,"minecraft:birch_planks":16,"minecraft:stone_axe":1,"minecraft:diamond_pickaxe":1,"minecraft:shield":1,"minecraft:stick":20,"minecraft:iron_pickaxe":1,"minecraft:torch":28},"minecraft:used":{"minecraft:stone_shovel":20,"minecraft:shield":25,"minecraft:rotten_flesh":13,"minecraft:torch":34,"minecraft:carrot":10,"minecraft:tuff":2,"minecraft:stripped_spruce_log":2,"born_in_chaos_v1:corpse_maggot":10,"minecraft:iron_axe":184,"tombstone:gift":6,"minecraft:potato":8,"minecraft:cobbled_deepslate":6,"minecraft:cooked_mutton":4,"minecraft:birch_planks":2,"minecraft:oak_planks":16,"minecraft:stone_pickaxe":140,"minecraft:brown_mushroom":1,"minecraft:chainmail_helmet":1,"minecraft:mossy_cobblestone":1,"minecraft:crafting_table":5,"iceandfire:dragonbone_sword_lightning":1,"minecraft:black_bed":1,"minecraft:smoker":1,"minecraft:diamond_pickaxe":211,"minecraft:apple":4,"minecraft:bread":1,"minecraft:iron_pickaxe":77,"minecraft:stone_axe":67,"minecraft:cobblestone":2,"minecraft:andesite":1,"alexsmobs:animal_dictionary":2},"minecraft:mined":{"minecraft:dark_oak_planks":2,"minecraft:red_carpet":1,"minecraft:tuff":19,"minecraft:spruce_planks":1,"luminousworld:yellowpetunias":2,"minecraft:mossy_cobblestone":2,"minecraft:deepslate_diamond_ore":6,"minecraft:cobblestone_stairs":1,"minecraft:brewing_stand":1,"minecraft:spruce_trapdoor":1,"minecraft:granite":5,"minecraft:grass_block":7,"minecraft:yellow_carpet":3,"born_in_chaos_v1:black_argillite":1,"minecraft:polished_diorite":14,"minecraft:spruce_leaves":1,"minecraft:cartography_table":1,"minecraft:hay_block":11,"minecraft:light_blue_wall_banner":2,"minecraft:oak_trapdoor":1,"minecraft:carrots":1,"luminousworld:yellow_grassflowers":1,"minecraft:iron_ore":1,"minecraft:fire":2,"minecraft:snow":4,"minecraft:andesite":4,"minecraft:dark_oak_fence_gate":1,"minecraft:stripped_spruce_log":7,"minecraft:dark_oak_stairs":3,"minecraft:bookshelf":3,"minecraft:potatoes":17,"minecraft:deepslate_iron_ore":14,"minecraft:cobblestone_slab":1,"minecraft:lantern":1,"minecraft:stone":28,"minecraft:potted_allium":1,"minecraft:deepslate_redstone_ore":2,"minecraft:glass_pane":1,"born_in_chaos_v1:marigolds":5,"minecraft:snow_block":15,"minecraft:smoker":1,"minecraft:powder_snow":4,"minecraft:crafting_table":3,"minecraft:torch":3,"minecraft:blast_furnace":1,"minecraft:campfire":1,"minecraft:cobblestone":8,"minecraft:deepslate_gold_ore":1,"minecraft:oak_planks":5,"minecraft:diorite":8,"minecraft:coarse_dirt":3,"minecraft:birch_log":4,"minecraft:wheat":19,"minecraft:spruce_log":2,"minecraft:birch_leaves":2,"minecraft:white_carpet":7,"minecraft:black_bed":1,"minecraft:smooth_stone_slab":1,"luminousworld:ishstone":2,"minecraft:dirt":3,"minecraft:dripstone_block":1,"luminousworld:grassvariant_3":1,"minecraft:deepslate":258,"minecraft:gray_candle":1},"minecraft:picked_up":{"minecraft:charcoal":2,"minecraft:crafting_table":4,"minecraft:coarse_dirt":6,"minecraft:wheat":11,"minecraft:creeper_head":1,"minecraft:brown_mushroom":3,"minecraft:brewing_stand":1,"born_in_chaos_v1:black_argillite":1,"minecraft:string":3,"minecraft:oak_trapdoor":2,"minecraft:item_frame":4,"minecraft:cartography_table":2,"minecraft:cobbled_deepslate":254,"minecraft:spruce_planks":1,"minecraft:beef":6,"minecraft:cobblestone_slab":5,"minecraft:iron_pickaxe":2,"minecraft:stick":22,"minecraft:raw_iron":15,"minecraft:torch":20,"sophisticatedbackpacks:backpack":1,"tombstone:grave_dust":6,"minecraft:diorite":40,"minecraft:redstone":9,"minecraft:dark_oak_planks":2,"minecraft:rotten_flesh":25,"minecraft:arrow":2,"minecraft:stone_shovel":2,"luminousworld:yellow_grassflowers":1,"minecraft:beetroot_seeds":2,"aether:chainmail_gloves":1,"minecraft:hay_block":10,"minecraft:cod":1,"minecraft:snowball":64,"minecraft:cobblestone":47,"minecraft:birch_log":4,"born_in_chaos_v1:corpse_maggot":10,"minecraft:brown_wool":3,"minecraft:andesite":7,"minecraft:black_bed":2,"luminousworld:ishstone":10,"minecraft:leather":5,"minecraft:smoker":1,"minecraft:potato":15,"minecraft:tuff":16,"minecraft:oak_log":10,"minecraft:cobblestone_stairs":1,"minecraft:dirt":60,"tombstone:gift":1,"born_in_chaos_v1:marigolds":5,"minecraft:cooked_mutton":4,"minecraft:red_carpet":2,"minecraft:bone":4,"minecraft:light_blue_banner":2,"minecraft:wheat_seeds":30,"minecraft:stone_pickaxe":3,"minecraft:gray_candle":4,"minecraft:oak_planks":8,"minecraft:dark_oak_stairs":3,"minecraft:book":9,"minecraft:dripstone_block":1,"iceandfire:dragonbone_sword_lightning":1,"minecraft:stripped_spruce_log":4,"minecraft:blast_furnace":1,"minecraft:spruce_log":1,"minecraft:mossy_cobblestone":6,"minecraft:dark_oak_fence_gate":2,"minecraft:spider_eye":3,"minecraft:barrel":1,"minecraft:diamond":7,"minecraft:polished_diorite":14,"luminousworld:yellowpetunias":2,"minecraft:chainmail_leggings":3,"minecraft:granite":20,"minecraft:emerald":2,"minecraft:bread":2,"minecraft:chainmail_helmet":2,"tombstone:magic_scroll":1,"minecraft:oak_sapling":1,"minecraft:coal":9}},"DataVersion":3465}