{"stats":{"minecraft:mined":{"minecraft:mossy_cobblestone":1,"minecraft:powder_snow":4,"minecraft:brewing_stand":1,"minecraft:crafting_table":1,"minecraft:torch":3,"minecraft:cobblestone":5,"minecraft:oak_planks":3,"minecraft:coarse_dirt":2,"minecraft:birch_log":4,"minecraft:fire":1,"minecraft:gray_candle":1},"minecraft:crafted":{"minecraft:oak_planks":40,"minecraft:crafting_table":1,"minecraft:birch_planks":16,"minecraft:stone_axe":1,"minecraft:shield":1,"minecraft:stick":20,"minecraft:stone_pickaxe":2},"minecraft:picked_up":{"minecraft:birch_log":4,"born_in_chaos_v1:corpse_maggot":5,"minecraft:crafting_table":2,"minecraft:coarse_dirt":1,"minecraft:brown_mushroom":3,"minecraft:oak_log":10,"minecraft:brewing_stand":1,"minecraft:string":2,"tombstone:gift":1,"minecraft:bone":2,"minecraft:gray_candle":4,"minecraft:oak_planks":6,"minecraft:stick":2,"minecraft:torch":20,"sophisticatedbackpacks:backpack":1,"tombstone:grave_dust":5,"minecraft:spider_eye":1,"minecraft:mossy_cobblestone":2,"minecraft:arrow":2,"minecraft:rotten_flesh":25,"minecraft:beetroot_seeds":2,"tombstone:magic_scroll":1,"minecraft:oak_sapling":1,"minecraft:cobblestone":14},"minecraft:killed":{"minecraft:cave_spider":1,"born_in_chaos_v1:maggot":3,"minecraft:skeleton":2,"minecraft:zombie":21,"enemyexpansion:botfly":3},"minecraft:broken":{"minecraft:stone_axe":1},"minecraft:dropped":{"minecraft:brown_mushroom":2,"minecraft:rotten_flesh":5,"minecraft:oak_planks":20,"minecraft:beetroot_seeds":4,"minecraft:oak_sapling":1,"minecraft:gray_candle":4},"minecraft:killed_by":{"minecraft:skeleton":2,"enemyexpansion:botfly":1,"minecraft:zombie":3,"born_in_chaos_v1:corpse_fly":2},"minecraft:used":{"minecraft:birch_planks":2,"minecraft:stone_pickaxe":10,"minecraft:oak_planks":16,"minecraft:shield":21,"minecraft:rotten_flesh":11,"minecraft:torch":31,"minecraft:crafting_table":2,"minecraft:carrot":6,"born_in_chaos_v1:corpse_maggot":5,"minecraft:iron_axe":71,"minecraft:stone_axe":67,"minecraft:cobblestone":2,"tombstone:gift":4,"alexsmobs:animal_dictionary":2,"minecraft:potato":8},"minecraft:custom":{"minecraft:mob_kills":31,"minecraft:interact_with_crafting_table":3,"minecraft:damage_dealt_resisted":35,"minecraft:time_since_death":19395,"minecraft:time_since_rest":19018,"minecraft:sprint_one_cm":88224,"minecraft:damage_taken":2471,"minecraft:walk_one_cm":115336,"minecraft:damage_blocked_by_shield":355,"minecraft:drop":14,"minecraft:damage_dealt":5507,"minecraft:swim_one_cm":2253,"minecraft:fly_one_cm":63204,"minecraft:player_kills":1,"minecraft:open_chest":17,"minecraft:crouch_one_cm":3277,"minecraft:play_time":49073,"tombstone:undead_killed":23,"minecraft:deaths":8,"minecraft:sneak_time":1294,"minecraft:walk_under_water_one_cm":2611,"minecraft:jump":342,"minecraft:walk_on_water_one_cm":13929,"minecraft:total_world_time":49073,"minecraft:fall_one_cm":3832}},"DataVersion":3465}