{"stats":{"minecraft:mined":{"minecraft:mossy_cobblestone":2,"minecraft:deepslate_diamond_ore":4,"minecraft:powder_snow":4,"minecraft:brewing_stand":1,"minecraft:crafting_table":2,"minecraft:torch":3,"minecraft:granite":5,"born_in_chaos_v1:black_argillite":1,"minecraft:cobblestone":8,"minecraft:oak_planks":5,"minecraft:diorite":8,"minecraft:coarse_dirt":3,"minecraft:iron_ore":1,"minecraft:birch_log":4,"minecraft:fire":1,"minecraft:andesite":4,"minecraft:deepslate_iron_ore":14,"luminousworld:ishstone":2,"minecraft:cobblestone_slab":1,"minecraft:dirt":3,"minecraft:stone":28,"minecraft:deepslate":98,"minecraft:gray_candle":1},"minecraft:crafted":{"minecraft:oak_planks":40,"minecraft:crafting_table":1,"minecraft:birch_planks":16,"minecraft:stone_axe":1,"minecraft:shield":1,"minecraft:stick":20,"minecraft:iron_pickaxe":1,"minecraft:stone_pickaxe":2},"minecraft:picked_up":{"minecraft:birch_log":4,"born_in_chaos_v1:corpse_maggot":10,"minecraft:crafting_table":3,"minecraft:coarse_dirt":2,"luminousworld:ishstone":2,"minecraft:andesite":4,"minecraft:brown_mushroom":3,"minecraft:oak_log":10,"minecraft:brewing_stand":1,"born_in_chaos_v1:black_argillite":1,"minecraft:dirt":3,"minecraft:string":2,"tombstone:gift":1,"minecraft:bone":2,"minecraft:cobbled_deepslate":97,"minecraft:cobblestone_slab":1,"minecraft:iron_pickaxe":1,"minecraft:gray_candle":4,"minecraft:oak_planks":8,"minecraft:raw_iron":15,"minecraft:stick":2,"minecraft:torch":20,"sophisticatedbackpacks:backpack":1,"tombstone:grave_dust":5,"minecraft:diorite":8,"minecraft:spider_eye":3,"minecraft:mossy_cobblestone":3,"minecraft:arrow":2,"minecraft:rotten_flesh":25,"minecraft:diamond":4,"minecraft:beetroot_seeds":2,"minecraft:granite":5,"tombstone:magic_scroll":1,"minecraft:oak_sapling":1,"minecraft:cobblestone":45},"minecraft:killed":{"minecraft:cave_spider":1,"born_in_chaos_v1:maggot":3,"minecraft:skeleton":2,"minecraft:zombie":21,"born_in_chaos_v1:corpse_fly":6,"enemyexpansion:botfly":3},"minecraft:broken":{"minecraft:stone_axe":1},"minecraft:dropped":{"minecraft:brown_mushroom":3,"minecraft:rotten_flesh":5,"minecraft:oak_planks":20,"minecraft:beetroot_seeds":4,"minecraft:oak_sapling":1,"minecraft:spider_eye":3,"minecraft:gray_candle":4,"minecraft:iron_pickaxe":1},"minecraft:killed_by":{"minecraft:skeleton":2,"enemyexpansion:botfly":1,"minecraft:zombie":3,"born_in_chaos_v1:corpse_fly":2},"minecraft:used":{"minecraft:birch_planks":2,"minecraft:stone_shovel":1,"minecraft:stone_pickaxe":134,"minecraft:oak_planks":16,"minecraft:shield":21,"minecraft:brown_mushroom":1,"minecraft:rotten_flesh":13,"minecraft:torch":32,"minecraft:mossy_cobblestone":1,"minecraft:crafting_table":3,"minecraft:carrot":8,"born_in_chaos_v1:corpse_maggot":10,"minecraft:apple":1,"minecraft:iron_axe":89,"minecraft:iron_pickaxe":49,"minecraft:stone_axe":67,"minecraft:cobblestone":2,"minecraft:andesite":1,"tombstone:gift":6,"alexsmobs:animal_dictionary":2,"minecraft:potato":8},"minecraft:custom":{"minecraft:mob_kills":37,"minecraft:interact_with_crafting_table":5,"minecraft:damage_dealt_resisted":35,"minecraft:time_since_death":67395,"minecraft:time_since_rest":67018,"minecraft:sprint_one_cm":99641,"minecraft:damage_taken":2653,"minecraft:walk_one_cm":141400,"minecraft:damage_blocked_by_shield":355,"minecraft:drop":19,"minecraft:damage_dealt":6108,"minecraft:swim_one_cm":2253,"minecraft:fly_one_cm":64270,"minecraft:player_kills":1,"minecraft:open_chest":19,"minecraft:crouch_one_cm":3336,"minecraft:play_time":97073,"tombstone:undead_killed":23,"minecraft:deaths":8,"minecraft:sneak_time":1301,"minecraft:walk_under_water_one_cm":2611,"minecraft:jump":378,"minecraft:walk_on_water_one_cm":13929,"minecraft:total_world_time":97073,"minecraft:fall_one_cm":4101}},"DataVersion":3465}