{"stats":{"minecraft:mined":{"minecraft:birch_log":4,"minecraft:powder_snow":4,"minecraft:torch":2,"minecraft:cobblestone":2,"minecraft:gray_candle":1},"minecraft:crafted":{"minecraft:oak_planks":40,"minecraft:crafting_table":1,"minecraft:stick":20,"minecraft:stone_pickaxe":2,"minecraft:birch_planks":16,"minecraft:stone_axe":1},"minecraft:picked_up":{"minecraft:birch_log":4,"born_in_chaos_v1:corpse_maggot":1,"minecraft:stick":2,"minecraft:crafting_table":1,"minecraft:torch":7,"minecraft:oak_log":10,"minecraft:rotten_flesh":10,"minecraft:oak_sapling":1,"minecraft:gray_candle":4,"minecraft:cobblestone":11},"minecraft:killed":{"minecraft:zombie":10,"enemyexpansion:botfly":1},"minecraft:dropped":{"minecraft:oak_sapling":1,"minecraft:oak_planks":20,"minecraft:gray_candle":4},"minecraft:killed_by":{"enemyexpansion:botfly":1},"minecraft:used":{"born_in_chaos_v1:corpse_maggot":1,"minecraft:birch_planks":2,"minecraft:stone_pickaxe":3,"minecraft:rotten_flesh":4,"minecraft:stone_axe":36,"minecraft:torch":7,"minecraft:cobblestone":2,"minecraft:crafting_table":1,"tombstone:gift":2,"alexsmobs:animal_dictionary":2},"minecraft:custom":{"minecraft:time_since_rest":3642,"minecraft:sprint_one_cm":26181,"minecraft:damage_taken":360,"minecraft:walk_one_cm":44346,"minecraft:mob_kills":12,"minecraft:drop":3,"minecraft:damage_dealt":1697,"minecraft:swim_one_cm":538,"minecraft:interact_with_crafting_table":2,"minecraft:fly_one_cm":35691,"minecraft:open_chest":1,"minecraft:crouch_one_cm":970,"minecraft:play_time":13073,"tombstone:undead_killed":10,"minecraft:deaths":1,"minecraft:sneak_time":257,"minecraft:walk_under_water_one_cm":2197,"minecraft:jump":181,"minecraft:time_since_death":4709,"minecraft:walk_on_water_one_cm":11928,"minecraft:total_world_time":13073,"minecraft:fall_one_cm":2988}},"DataVersion":3465}