{"stats":{"minecraft:custom":{"minecraft:interact_with_crafting_table":28,"minecraft:open_barrel":16,"minecraft:eat_cake_slice":2,"minecraft:leave_game":9,"minecraft:time_since_death":372,"minecraft:sprint_one_cm":628643,"minecraft:damage_blocked_by_shield":2780,"minecraft:drop":254,"minecraft:talked_to_villager":4,"minecraft:play_time":385252,"minecraft:deaths":47,"minecraft:jump":5817,"minecraft:interact_with_brewingstand":3,"minecraft:walk_on_water_one_cm":47641,"minecraft:interact_with_loom":1,"minecraft:sleep_in_bed":4,"minecraft:damage_dealt":19981,"minecraft:player_kills":3,"minecraft:crouch_one_cm":18628,"tombstone:undead_killed":51,"minecraft:interact_with_smoker":7,"minecraft:mob_kills":93,"minecraft:damage_dealt_resisted":112,"minecraft:climb_one_cm":8241,"minecraft:walk_one_cm":782878,"minecraft:sneak_time":5929,"minecraft:walk_under_water_one_cm":40672,"minecraft:interact_with_blast_furnace":10,"minecraft:total_world_time":385252,"minecraft:time_since_rest":1,"minecraft:damage_taken":17985,"minecraft:swim_one_cm":73717,"minecraft:fly_one_cm":824194,"minecraft:open_chest":78,"minecraft:fall_one_cm":108145},"minecraft:picked_up":{"iceandfire:dread_stone_bricks":1,"minecraft:wheat":49,"minecraft:chainmail_boots":1,"minecraft:creeper_head":2,"minecraft:prismarine_shard":2,"minecraft:potion":2,"minecraft:brewing_stand":1,"born_in_chaos_v1:black_argillite":1,"minecraft:string":11,"minecraft:raw_copper":10,"minecraft:smooth_stone_slab":2,"minecraft:cobbled_deepslate":1383,"minecraft:tnt_minecart":2,"minecraft:gold_nugget":42,"minecraft:smooth_stone":1,"minecraft:spruce_planks":28,"minecraft:cobblestone_slab":5,"minecraft:calcite":9,"minecraft:iron_pickaxe":2,"minecraft:stick":22,"minecraft:torch":28,"minecraft:spruce_stairs":1,"iceandfire:dread_sword":3,"tombstone:grave_dust":13,"minecraft:diorite":41,"minecraft:waxed_cut_copper_stairs":1,"iceandfire:dragonarmor_iron_body":2,"minecraft:rotten_flesh":53,"luminousworld:yellow_grassflowers":1,"aether:chainmail_gloves":1,"minecraft:iron_block":1,"supplementaries:ash":7,"friendsandfoes:waxed_oxidized_copper_button":1,"minecraft:cod":1,"minecraft:snowball":128,"minecraft:cobblestone":159,"minecraft:birch_log":4,"minecraft:repeater":8,"minecraft:andesite":17,"minecraft:black_bed":2,"minecraft:brown_wool":3,"minecraft:smoker":1,"minecraft:potato":15,"minecraft:flint":1,"minecraft:tuff":42,"minecraft:lapis_lazuli":31,"minecraft:dirt":66,"minecraft:lantern":1,"born_in_chaos_v1:marigolds":10,"minecraft:bone":96,"iceandfire:dread_stone_slab":1,"minecraft:wheat_seeds":114,"minecraft:raw_gold":11,"iceandfire:dragon_meal":1,"minecraft:gray_candle":4,"minecraft:oak_planks":14,"minecraft:sand":2,"iceandfire:shiny_scales":1,"minecraft:stripped_spruce_log":6,"iceandfire:dragonbone_sword_lightning":2,"minecraft:mossy_cobblestone":8,"minecraft:barrel":1,"minecraft:bundle":3,"minecraft:diamond":26,"luminousworld:yellowpetunias":2,"iceandfire:dragon_ice":1,"minecraft:granite":40,"minecraft:emerald":3,"minecraft:chainmail_helmet":4,"minecraft:bread":2,"born_in_chaos_v1:rotten_fish":1,"minecraft:dark_oak_fence":1,"minecraft:oak_sapling":1,"minecraft:diamond_pickaxe":1,"luminousworld:groundpebbles_1":1,"undead_revamp2:bostroxingot":1,"minecraft:charcoal":2,"minecraft:crafting_table":8,"minecraft:coarse_dirt":7,"minecraft:ladder":2,"born_in_chaos_v1:river_mint":1,"minecraft:redstone_lamp":7,"minecraft:brown_mushroom":3,"minecraft:shield":1,"minecraft:oak_trapdoor":2,"born_in_chaos_v1:intoxicating_decoction":1,"minecraft:item_frame":6,"minecraft:cyan_carpet":6,"quark:spruce_chest":1,"minecraft:cartography_table":2,"minecraft:beef":6,"iceandfire:dread_shard":81,"minecraft:spruce_slab":3,"minecraft:chest":1,"minecraft:spruce_trapdoor":1,"minecraft:raw_iron":18,"minecraft:bowl":2,"sophisticatedbackpacks:backpack":1,"minecraft:stone_button":1,"minecraft:redstone":19,"minecraft:prismarine_crystals":3,"minecraft:dark_oak_planks":2,"minecraft:arrow":9,"minecraft:stone_shovel":2,"minecraft:beetroot_seeds":8,"minecraft:hay_block":21,"born_in_chaos_v1:spiny_shell":2,"minecraft:black_banner":1,"minecraft:white_wool":1,"born_in_chaos_v1:corpse_maggot":10,"iceandfire:sea_serpent_fang":6,"luminousworld:ishstone":28,"minecraft:leather":5,"minecraft:oak_log":11,"minecraft:chainmail_chestplate":2,"minecraft:cobblestone_stairs":2,"tombstone:gift":2,"minecraft:cooked_mutton":4,"minecraft:red_carpet":2,"minecraft:light_blue_banner":2,"minecraft:kelp":21,"minecraft:iron_ingot":2,"minecraft:stone_pickaxe":4,"iceandfire:dread_stone_stairs":1,"tombstone:bag_of_seeds":2,"minecraft:iron_sword":2,"minecraft:dark_oak_stairs":3,"minecraft:book":9,"luminousworld:clovers_1":2,"iceandfire:sea_serpent_scales_green":8,"minecraft:dandelion":30,"minecraft:dripstone_block":2,"minecraft:gravel":1,"minecraft:blast_furnace":2,"minecraft:spruce_log":9,"minecraft:dark_oak_fence_gate":2,"minecraft:spider_eye":3,"minecraft:polished_diorite":14,"minecraft:chainmail_leggings":3,"minecraft:diamond_axe":1,"tombstone:magic_scroll":1,"minecraft:coal":9,"minecraft:ender_pearl":1},"minecraft:used":{"minecraft:chest":1,"minecraft:shield":136,"minecraft:iron_sword":130,"minecraft:rotten_flesh":13,"minecraft:carrot":10,"minecraft:tuff":28,"minecraft:stripped_spruce_log":4,"born_in_chaos_v1:corpse_maggot":10,"minecraft:repeater":2,"minecraft:redstone_lamp":1,"supplementaries:ash":2,"minecraft:potato":8,"minecraft:oak_planks":21,"minecraft:stone_pickaxe":140,"minecraft:chainmail_helmet":2,"luminousworld:groundpebbles_1":1,"minecraft:diamond_axe":79,"minecraft:blast_furnace":2,"iceandfire:dragonbone_sword_lightning":84,"minecraft:black_bed":2,"minecraft:stone_button":1,"minecraft:bread":92,"iceandfire:dread_sword":2,"friendsandfoes:waxed_oxidized_copper_button":1,"minecraft:dark_oak_fence":1,"minecraft:andesite":1,"minecraft:smooth_stone_slab":2,"minecraft:coarse_dirt":1,"minecraft:stone_shovel":20,"minecraft:redstone":4,"minecraft:torch":65,"minecraft:dirt":3,"quark:spruce_chest":1,"minecraft:iron_axe":184,"tombstone:gift":8,"minecraft:cobbled_deepslate":399,"minecraft:wheat_seeds":6,"minecraft:cooked_mutton":4,"minecraft:water_bucket":14,"minecraft:birch_planks":2,"minecraft:baked_potato":15,"minecraft:brown_mushroom":1,"minecraft:mossy_cobblestone":2,"minecraft:crafting_table":12,"minecraft:spruce_log":1,"minecraft:smoker":1,"minecraft:diamond_pickaxe":1200,"minecraft:apple":4,"minecraft:iron_pickaxe":99,"minecraft:tnt_minecart":2,"minecraft:stone_axe":67,"minecraft:cobblestone":3,"minecraft:bucket":15,"alexsmobs:animal_dictionary":2,"minecraft:dandelion":30},"minecraft:dropped":{"minecraft:brown_mushroom":3,"minecraft:dark_oak_stairs":3,"minecraft:diamond_axe":1,"luminousworld:yellowpetunias":2,"minecraft:crafting_table":1,"minecraft:leather":5,"minecraft:red_carpet":2,"minecraft:item_frame":4,"minecraft:cobblestone_stairs":1,"minecraft:redstone_lamp":6,"minecraft:dirt":63,"tombstone:bag_of_seeds":3,"iceandfire:dread_sword":1,"minecraft:snowball":54,"iceandfire:dread_stone_bricks":1,"minecraft:gold_nugget":8,"minecraft:gray_candle":4,"minecraft:iron_pickaxe":1,"minecraft:light_blue_banner":1,"minecraft:dark_oak_planks":2,"minecraft:white_wool":1,"luminousworld:clovers_1":2,"minecraft:cyan_carpet":6,"iceandfire:dread_shard":142,"minecraft:bone":134,"minecraft:waxed_cut_copper_stairs":1,"minecraft:cobbled_deepslate":887,"alexscaves:cave_tablet":2,"minecraft:wheat":7,"tombstone:gift":2,"minecraft:rotten_flesh":58,"minecraft:oak_planks":27,"iceandfire:dragonarmor_iron_body":2,"minecraft:dark_oak_fence_gate":2,"minecraft:chainmail_chestplate":1,"supplementaries:ash":4,"minecraft:beetroot_seeds":10,"minecraft:jungle_log":1,"minecraft:ladder":2,"minecraft:arrow":5,"born_in_chaos_v1:marigolds":5,"iceandfire:manuscript":5,"minecraft:cartography_table":1,"minecraft:stripped_spruce_log":1,"minecraft:wheat_seeds":108,"luminousworld:ishstone":28,"minecraft:mossy_cobblestone":6,"minecraft:dripstone_block":1,"minecraft:prismarine_shard":2,"minecraft:prismarine_crystals":3,"minecraft:iron_helmet":2,"minecraft:cobblestone":147,"iceandfire:dread_stone_stairs":1,"minecraft:granite":40,"minecraft:chainmail_helmet":3,"minecraft:coal":5,"minecraft:stick":27,"born_in_chaos_v1:black_argillite":1,"born_in_chaos_v1:river_mint":1,"minecraft:diorite":41,"minecraft:repeater":6,"minecraft:brown_wool":3,"tombstone:grave_dust":9,"minecraft:potion":2,"minecraft:iron_leggings":2,"minecraft:chainmail_leggings":3,"minecraft:string":8,"minecraft:redstone":10,"minecraft:polished_diorite":14,"minecraft:creeper_head":1,"minecraft:kelp":21,"minecraft:oak_trapdoor":2,"minecraft:coarse_dirt":6,"minecraft:raw_copper":10,"minecraft:bowl":2,"minecraft:tuff":14,"born_in_chaos_v1:rotten_fish":1,"minecraft:stone_shovel":2,"minecraft:iron_boots":1,"sophisticatedbackpacks:backpack":1,"iceandfire:dragon_ice":4,"luminousworld:yellow_grassflowers":1,"minecraft:cobblestone_slab":5,"minecraft:shield":1,"luminousworld:groundpebbles_1":2,"aether:iron_gloves":1,"aether:chainmail_gloves":1,"minecraft:spruce_trapdoor":1,"minecraft:spruce_planks":7,"minecraft:bundle":3,"minecraft:iron_chestplate":1,"minecraft:diamond_pickaxe":1,"minecraft:andesite":6,"minecraft:oak_sapling":1,"minecraft:spider_eye":3,"minecraft:barrel":1,"iceandfire:dragonbone_sword_lightning":1,"minecraft:stone_pickaxe":4,"minecraft:raw_gold":11,"minecraft:calcite":9},"minecraft:killed":{"born_in_chaos_v1:zombie_clown":1,"minecraft:cave_spider":1,"born_in_chaos_v1:zombie_lumberjack":1,"luminousworld:frost_bitten_skeleton":2,"minecraft:skeleton":3,"minecraft:wolf":1,"undead_revamp2:thebeartamer":1,"minecraft:zombie":22,"minecraft:stray":1,"born_in_chaos_v1:corpse_fly":6,"enemyexpansion:botfly":4,"iceandfire:dread_ghoul":3,"iceandfire:sea_serpent":1,"alexsmobs:raccoon":2,"born_in_chaos_v1:thornshell_crab":1,"enemyexpansion:direwolf":1,"born_in_chaos_v1:maggot":3,"creeperoverhaul:snowy_creeper":1,"alexsmobs:blue_jay":1,"iceandfire:dread_thrall":12,"iceandfire:fire_dragon":1,"iceandfire:siren":1,"undead_revamp2:thebidy":1,"minecraft:drowned":1,"born_in_chaos_v1:seared_spirit_not_despawn":1,"friendsandfoes:copper_golem":1,"minecraft:husk":2,"undead_revamp2:the_moonflower":1,"earthmobsmod:wooly_cow":3,"minecraft:enderman":1},"minecraft:killed_by":{"undead_revamp2:the_moonflower":1,"born_in_chaos_v1:corpse_fly":2,"iceandfire:dread_ghoul":9,"iceandfire:ice_dragon":3,"minecraft:zombie":6,"luminousworld:frost_bitten_skeleton":1,"iceandfire:fire_dragon":2,"minecraft:husk":1,"minecraft:player":3,"iceandfire:dread_thrall":4,"iceandfire:dread_knight":5,"minecraft:skeleton":2,"enemyexpansion:botfly":1},"minecraft:mined":{"minecraft:dark_oak_planks":2,"minecraft:spruce_planks":1,"luminousworld:yellowpetunias":2,"minecraft:cobblestone_stairs":1,"minecraft:brewing_stand":1,"minecraft:spruce_trapdoor":2,"minecraft:granite":15,"minecraft:grass_block":12,"minecraft:yellow_carpet":3,"minecraft:polished_diorite":14,"minecraft:spawner":2,"minecraft:iron_ore":1,"minecraft:cobbled_deepslate":4,"minecraft:fire":13,"minecraft:deepslate_lapis_ore":5,"minecraft:dark_oak_stairs":3,"iceandfire:gold_pile":1,"minecraft:dirt_path":1,"iceandfire:dread_stone_bricks_cracked":1,"minecraft:iron_block":1,"minecraft:spruce_slab":3,"minecraft:green_bed":1,"minecraft:waxed_cut_copper_stairs":1,"minecraft:deepslate_redstone_ore":4,"minecraft:kelp_plant":3,"minecraft:smoker":1,"minecraft:powder_snow":4,"minecraft:torch":9,"minecraft:blast_furnace":2,"minecraft:calcite":9,"minecraft:chest":1,"minecraft:cobblestone":10,"minecraft:oak_planks":10,"minecraft:wall_torch":2,"minecraft:birch_log":4,"minecraft:wheat":54,"minecraft:black_bed":1,"minecraft:smooth_stone_slab":2,"minecraft:grass":3,"minecraft:sand":2,"minecraft:dirt":4,"luminousworld:grassvariant_3":1,"minecraft:cyan_candle":1,"minecraft:deepslate":925,"minecraft:gray_candle":1,"minecraft:redstone_lamp":1,"minecraft:red_carpet":1,"minecraft:tuff":45,"minecraft:mossy_cobblestone":3,"minecraft:deepslate_diamond_ore":25,"minecraft:dark_oak_fence":1,"minecraft:ladder":1,"born_in_chaos_v1:black_argillite":1,"luminousworld:grassvariant_2":2,"minecraft:spruce_leaves":4,"minecraft:cartography_table":1,"minecraft:hay_block":22,"minecraft:light_blue_wall_banner":2,"minecraft:oak_trapdoor":1,"minecraft:carrots":1,"luminousworld:yellow_grassflowers":1,"minecraft:snow":4,"minecraft:dark_oak_fence_gate":1,"minecraft:andesite":14,"minecraft:stripped_spruce_log":9,"minecraft:bookshelf":3,"minecraft:potatoes":17,"minecraft:deepslate_iron_ore":17,"minecraft:cobblestone_slab":1,"luminousworld:snowgrass":1,"minecraft:lantern":1,"luminousworld:clovers_3":1,"minecraft:stone":138,"minecraft:potted_allium":1,"minecraft:glass_pane":1,"born_in_chaos_v1:marigolds":5,"minecraft:snow_block":15,"ecologics:thin_ice":1,"minecraft:dandelion":24,"minecraft:crafting_table":6,"minecraft:campfire":1,"minecraft:tall_grass":1,"minecraft:copper_ore":1,"minecraft:deepslate_gold_ore":1,"minecraft:diorite":9,"minecraft:coarse_dirt":3,"minecraft:ice":2,"minecraft:black_wall_banner":1,"minecraft:white_carpet":7,"minecraft:spruce_log":10,"minecraft:birch_leaves":2,"luminousworld:ishstone":20,"quark:spruce_chest":1,"minecraft:gravel":2,"minecraft:dripstone_block":2,"minecraft:cobweb":4,"minecraft:mossy_stone_bricks":1,"minecraft:gold_ore":11},"minecraft:crafted":{"minecraft:oak_planks":44,"aether:iron_ring":1,"minecraft:diamond_helmet":1,"minecraft:diamond_leggings":1,"minecraft:iron_boots":1,"aether:diamond_gloves":1,"minecraft:diamond_axe":1,"minecraft:crafting_table":5,"minecraft:spruce_planks":28,"minecraft:iron_helmet":1,"minecraft:baked_potato":15,"minecraft:birch_planks":16,"minecraft:iron_chestplate":1,"minecraft:diamond_pickaxe":1,"minecraft:shield":4,"minecraft:stick":24,"minecraft:iron_ingot":41,"minecraft:iron_pickaxe":1,"iceandfire:tide_green_chestplate":1,"minecraft:stone_pickaxe":2,"minecraft:diamond_boots":1,"minecraft:wheat":189,"minecraft:bucket":1,"minecraft:stone_axe":1,"minecraft:bread":77,"minecraft:air":0,"aether:iron_gloves":1,"minecraft:iron_leggings":1,"minecraft:torch":28},"minecraft:broken":{"minecraft:iron_chestplate":1,"minecraft:chainmail_boots":1,"minecraft:stone_pickaxe":1,"minecraft:chainmail_chestplate":1,"minecraft:stone_axe":1,"aether:chainmail_gloves":1,"minecraft:chainmail_leggings":1,"minecraft:chainmail_helmet":1,"minecraft:shield":1,"minecraft:iron_axe":1}},"DataVersion":3465}