{"stats":{"minecraft:mined":{"minecraft:deepslate_redstone_ore":2,"minecraft:tuff":19,"minecraft:mossy_cobblestone":2,"minecraft:deepslate_diamond_ore":6,"minecraft:smoker":1,"minecraft:powder_snow":4,"minecraft:brewing_stand":1,"minecraft:crafting_table":3,"minecraft:torch":3,"minecraft:granite":5,"born_in_chaos_v1:black_argillite":1,"minecraft:cobblestone":8,"minecraft:deepslate_gold_ore":1,"minecraft:cartography_table":1,"minecraft:oak_planks":5,"minecraft:diorite":8,"minecraft:coarse_dirt":3,"minecraft:iron_ore":1,"minecraft:birch_log":4,"minecraft:fire":1,"minecraft:birch_leaves":2,"minecraft:andesite":4,"minecraft:deepslate_iron_ore":14,"luminousworld:ishstone":2,"minecraft:cobblestone_slab":1,"minecraft:dripstone_block":1,"minecraft:dirt":3,"minecraft:stone":28,"minecraft:deepslate":258,"minecraft:gray_candle":1},"minecraft:crafted":{"minecraft:oak_planks":40,"minecraft:crafting_table":1,"minecraft:birch_planks":16,"minecraft:stone_axe":1,"minecraft:diamond_pickaxe":1,"minecraft:shield":1,"minecraft:stick":20,"minecraft:iron_pickaxe":1,"minecraft:stone_pickaxe":2,"minecraft:torch":28},"minecraft:picked_up":{"minecraft:birch_log":4,"born_in_chaos_v1:corpse_maggot":10,"minecraft:crafting_table":4,"minecraft:coarse_dirt":2,"luminousworld:ishstone":2,"minecraft:andesite":4,"minecraft:brown_mushroom":3,"minecraft:smoker":1,"minecraft:tuff":16,"minecraft:oak_log":10,"minecraft:brewing_stand":1,"born_in_chaos_v1:black_argillite":1,"minecraft:dirt":3,"minecraft:string":2,"tombstone:gift":1,"minecraft:bone":2,"minecraft:cartography_table":1,"minecraft:cobbled_deepslate":254,"minecraft:cobblestone_slab":1,"minecraft:iron_pickaxe":1,"minecraft:gray_candle":4,"minecraft:oak_planks":8,"minecraft:raw_iron":15,"minecraft:stick":2,"minecraft:torch":20,"minecraft:dripstone_block":1,"sophisticatedbackpacks:backpack":1,"tombstone:grave_dust":5,"minecraft:diorite":8,"minecraft:barrel":1,"minecraft:redstone":9,"minecraft:spider_eye":3,"minecraft:mossy_cobblestone":3,"minecraft:arrow":2,"minecraft:rotten_flesh":25,"minecraft:diamond":6,"minecraft:beetroot_seeds":2,"aether:chainmail_gloves":1,"minecraft:granite":5,"tombstone:magic_scroll":1,"minecraft:oak_sapling":1,"minecraft:cobblestone":45},"minecraft:killed":{"minecraft:cave_spider":1,"born_in_chaos_v1:maggot":3,"minecraft:skeleton":2,"minecraft:zombie":21,"born_in_chaos_v1:corpse_fly":6,"enemyexpansion:botfly":3},"minecraft:dropped":{"minecraft:brown_mushroom":3,"minecraft:rotten_flesh":5,"minecraft:oak_planks":20,"aether:chainmail_gloves":1,"minecraft:beetroot_seeds":4,"minecraft:oak_sapling":1,"minecraft:barrel":1,"minecraft:spider_eye":3,"minecraft:gray_candle":4,"minecraft:iron_pickaxe":1},"minecraft:broken":{"minecraft:stone_pickaxe":1,"minecraft:stone_axe":1},"minecraft:killed_by":{"minecraft:skeleton":2,"enemyexpansion:botfly":1,"minecraft:zombie":3,"born_in_chaos_v1:corpse_fly":2},"minecraft:used":{"minecraft:birch_planks":2,"minecraft:stone_shovel":1,"minecraft:stone_pickaxe":139,"minecraft:oak_planks":16,"minecraft:shield":21,"minecraft:brown_mushroom":1,"minecraft:rotten_flesh":13,"minecraft:torch":34,"minecraft:mossy_cobblestone":1,"minecraft:crafting_table":5,"minecraft:carrot":8,"minecraft:tuff":2,"born_in_chaos_v1:corpse_maggot":10,"minecraft:diamond_pickaxe":166,"minecraft:apple":1,"minecraft:bread":1,"minecraft:iron_axe":91,"minecraft:iron_pickaxe":66,"minecraft:stone_axe":67,"minecraft:cobblestone":2,"minecraft:andesite":1,"tombstone:gift":6,"alexsmobs:animal_dictionary":2,"minecraft:potato":8},"minecraft:custom":{"minecraft:mob_kills":37,"minecraft:interact_with_crafting_table":8,"minecraft:open_barrel":6,"minecraft:damage_dealt_resisted":35,"minecraft:time_since_death":79395,"minecraft:time_since_rest":79018,"minecraft:sprint_one_cm":109532,"minecraft:damage_taken":2703,"minecraft:walk_one_cm":163863,"minecraft:damage_blocked_by_shield":355,"minecraft:drop":21,"minecraft:damage_dealt":6108,"minecraft:swim_one_cm":2253,"minecraft:fly_one_cm":66648,"minecraft:player_kills":1,"minecraft:open_chest":21,"minecraft:crouch_one_cm":3336,"minecraft:play_time":109073,"tombstone:undead_killed":23,"minecraft:deaths":8,"minecraft:sneak_time":1301,"minecraft:walk_under_water_one_cm":2611,"minecraft:jump":424,"minecraft:walk_on_water_one_cm":13929,"minecraft:interact_with_smoker":1,"minecraft:total_world_time":109073,"minecraft:fall_one_cm":5206}},"DataVersion":3465}