{"stats":{"minecraft:picked_up":{"minecraft:stick":2,"minecraft:coarse_dirt":7,"minecraft:torch":1,"minecraft:oak_log":21,"tombstone:grave_dust":1,"minecraft:dirt":1,"minecraft:bone":1,"minecraft:zombie_head":1,"minecraft:rotten_flesh":8,"tombstone:magic_scroll":1,"minecraft:oak_sapling":1,"minecraft:sugar_cane":9,"minecraft:oak_planks":20,"minecraft:coal":8,"minecraft:cobblestone":68},"minecraft:custom":{"minecraft:time_since_rest":3417,"minecraft:sprint_one_cm":71715,"minecraft:damage_taken":994,"minecraft:walk_one_cm":71427,"minecraft:mob_kills":14,"minecraft:drop":12,"minecraft:damage_dealt":2034,"minecraft:swim_one_cm":7124,"minecraft:interact_with_crafting_table":5,"minecraft:fly_one_cm":67700,"minecraft:open_chest":9,"minecraft:play_time":40564,"tombstone:undead_killed":8,"minecraft:deaths":3,"minecraft:sneak_time":17,"minecraft:walk_under_water_one_cm":8417,"minecraft:jump":407,"minecraft:leave_game":2,"minecraft:time_since_death":5068,"minecraft:walk_on_water_one_cm":19828,"minecraft:total_world_time":40564,"minecraft:fall_one_cm":7776},"minecraft:used":{"minecraft:stone_pickaxe":57,"minecraft:oak_planks":4,"tombstone:magic_scroll":3,"minecraft:stone_axe":41,"minecraft:torch":2,"minecraft:dirt":1,"minecraft:cobblestone":12,"minecraft:crafting_table":1,"minecraft:oak_sapling":1,"alexsmobs:animal_dictionary":1,"tombstone:gift":2,"minecraft:coarse_dirt":4},"minecraft:dropped":{"minecraft:torch":1,"minecraft:cobblestone":11},"minecraft:killed":{"minecraft:zombie":8,"born_in_chaos_v1:corpse_fly":1,"enemyexpansion:botfly":4,"enemyexpansion:direwolf":1},"minecraft:killed_by":{"born_in_chaos_v1:corpse_fly":1,"mutantmonsters:mutant_skeleton":1,"minecraft:zombie":1},"minecraft:mined":{"minecraft:coarse_dirt":3,"luminousworld:grassvariant_4":1,"minecraft:birch_leaves":5,"ecologics:thin_ice":1,"minecraft:crafting_table":1,"minecraft:oak_log":21,"minecraft:coal_ore":8,"minecraft:zombie_head":1,"minecraft:dirt":1,"luminousworld:grassvariant_3":1,"minecraft:stone":49,"minecraft:sugar_cane":3,"minecraft:oak_planks":2,"minecraft:oak_leaves":3},"minecraft:crafted":{"minecraft:oak_planks":84,"minecraft:crafting_table":1,"minecraft:stick":8,"minecraft:stone_pickaxe":1,"minecraft:torch":8,"minecraft:stone_axe":1}},"DataVersion":3465}