{"stats":{"minecraft:mined":{"minecraft:coarse_dirt":1,"luminousworld:grassvariant_4":1,"minecraft:crafting_table":1,"minecraft:oak_log":21,"minecraft:coal_ore":8,"luminousworld:grassvariant_3":1,"minecraft:stone":49,"minecraft:oak_planks":2,"minecraft:oak_leaves":3},"minecraft:crafted":{"minecraft:oak_planks":84,"minecraft:crafting_table":1,"minecraft:stick":8,"minecraft:stone_pickaxe":1,"minecraft:torch":8,"minecraft:stone_axe":1},"minecraft:picked_up":{"minecraft:stick":2,"minecraft:coarse_dirt":5,"minecraft:oak_log":21,"tombstone:grave_dust":1,"minecraft:bone":1,"minecraft:rotten_flesh":8,"tombstone:magic_scroll":1,"minecraft:oak_sapling":1,"minecraft:oak_planks":20,"minecraft:coal":8,"minecraft:cobblestone":57},"minecraft:killed":{"minecraft:zombie":8,"born_in_chaos_v1:corpse_fly":1,"enemyexpansion:botfly":4},"minecraft:killed_by":{"born_in_chaos_v1:corpse_fly":1,"minecraft:zombie":1},"minecraft:used":{"minecraft:stone_pickaxe":57,"minecraft:oak_planks":4,"tombstone:magic_scroll":3,"minecraft:stone_axe":38,"minecraft:torch":2,"minecraft:cobblestone":12,"minecraft:crafting_table":1,"minecraft:oak_sapling":1,"alexsmobs:animal_dictionary":1,"tombstone:gift":2,"minecraft:coarse_dirt":4},"minecraft:custom":{"minecraft:time_since_rest":9356,"minecraft:sprint_one_cm":35373,"minecraft:damage_taken":629,"minecraft:walk_one_cm":47776,"minecraft:mob_kills":13,"minecraft:damage_dealt":1874,"minecraft:interact_with_crafting_table":5,"minecraft:fly_one_cm":33647,"minecraft:open_chest":1,"minecraft:play_time":28163,"tombstone:undead_killed":8,"minecraft:deaths":2,"minecraft:walk_under_water_one_cm":2117,"minecraft:jump":201,"minecraft:leave_game":1,"minecraft:time_since_death":10280,"minecraft:walk_on_water_one_cm":15348,"minecraft:total_world_time":28163,"minecraft:fall_one_cm":3532}},"DataVersion":3465}