{"stats":{"minecraft:mined":{"minecraft:coal_ore":8,"minecraft:oak_log":21,"luminousworld:grassvariant_4":1,"luminousworld:grassvariant_3":1,"minecraft:stone":49,"minecraft:crafting_table":1,"minecraft:oak_leaves":3},"minecraft:crafted":{"minecraft:oak_planks":68,"minecraft:torch":8,"minecraft:stone_axe":1,"minecraft:crafting_table":1,"minecraft:stick":8,"minecraft:stone_pickaxe":1},"minecraft:picked_up":{"minecraft:stick":2,"minecraft:bone":1,"minecraft:oak_log":21,"minecraft:oak_sapling":1,"minecraft:coal":8,"minecraft:oak_planks":20,"minecraft:cobblestone":57},"minecraft:killed":{"minecraft:zombie":3},"minecraft:used":{"minecraft:torch":2,"minecraft:stone_axe":12,"minecraft:crafting_table":1,"minecraft:oak_sapling":1,"minecraft:stone_pickaxe":57,"minecraft:oak_planks":4,"alexsmobs:animal_dictionary":1},"minecraft:custom":{"minecraft:open_chest":1,"minecraft:time_since_rest":12524,"tombstone:undead_killed":3,"minecraft:play_time":12524,"minecraft:sprint_one_cm":19713,"minecraft:damage_taken":128,"minecraft:walk_one_cm":24823,"minecraft:walk_under_water_one_cm":360,"minecraft:mob_kills":3,"minecraft:jump":111,"minecraft:damage_dealt":769,"minecraft:walk_on_water_one_cm":4443,"minecraft:time_since_death":12524,"minecraft:total_world_time":12524,"minecraft:interact_with_crafting_table":5,"minecraft:fall_one_cm":2994,"minecraft:fly_one_cm":21132}},"DataVersion":3465}