{"stats":{"minecraft:picked_up":{"minecraft:stick":2,"minecraft:coarse_dirt":7,"minecraft:torch":1,"minecraft:oak_log":21,"tombstone:grave_dust":1,"minecraft:bone":1,"minecraft:zombie_head":1,"minecraft:rotten_flesh":8,"tombstone:magic_scroll":1,"minecraft:oak_sapling":1,"minecraft:oak_planks":20,"minecraft:coal":8,"minecraft:cobblestone":68},"minecraft:custom":{"minecraft:time_since_rest":15757,"minecraft:sprint_one_cm":49903,"minecraft:damage_taken":629,"minecraft:walk_one_cm":58220,"minecraft:mob_kills":13,"minecraft:drop":12,"minecraft:damage_dealt":1884,"minecraft:interact_with_crafting_table":5,"minecraft:fly_one_cm":35526,"minecraft:open_chest":9,"minecraft:play_time":34564,"tombstone:undead_killed":8,"minecraft:deaths":2,"minecraft:sneak_time":17,"minecraft:walk_under_water_one_cm":4050,"minecraft:jump":225,"minecraft:leave_game":2,"minecraft:time_since_death":16681,"minecraft:walk_on_water_one_cm":18070,"minecraft:total_world_time":34564,"minecraft:fall_one_cm":3532},"minecraft:used":{"minecraft:stone_pickaxe":57,"minecraft:oak_planks":4,"tombstone:magic_scroll":3,"minecraft:stone_axe":38,"minecraft:torch":2,"minecraft:cobblestone":12,"minecraft:crafting_table":1,"minecraft:oak_sapling":1,"alexsmobs:animal_dictionary":1,"tombstone:gift":2,"minecraft:coarse_dirt":4},"minecraft:dropped":{"minecraft:torch":1,"minecraft:cobblestone":11},"minecraft:killed":{"minecraft:zombie":8,"born_in_chaos_v1:corpse_fly":1,"enemyexpansion:botfly":4},"minecraft:killed_by":{"born_in_chaos_v1:corpse_fly":1,"minecraft:zombie":1},"minecraft:mined":{"minecraft:coarse_dirt":3,"luminousworld:grassvariant_4":1,"minecraft:crafting_table":1,"minecraft:oak_log":21,"minecraft:coal_ore":8,"minecraft:zombie_head":1,"luminousworld:grassvariant_3":1,"minecraft:stone":49,"minecraft:oak_planks":2,"minecraft:oak_leaves":3},"minecraft:crafted":{"minecraft:oak_planks":84,"minecraft:crafting_table":1,"minecraft:stick":8,"minecraft:stone_pickaxe":1,"minecraft:torch":8,"minecraft:stone_axe":1}},"DataVersion":3465}