{"stats":{"minecraft:mined":{"minecraft:spruce_planks":6,"iceandfire:silver_ore":1,"minecraft:mossy_cobblestone":1,"quark:shale":5,"minecraft:cobblestone_stairs":1,"minecraft:granite":1,"minecraft:potted_dead_bush":1,"minecraft:grass_block":5,"minecraft:spruce_leaves":9,"minecraft:spawner":2,"minecraft:furnace":3,"minecraft:deepslate_iron_ore":1,"minecraft:iron_bars":2,"minecraft:packed_ice":1,"quark:permafrost":1,"minecraft:stone":71,"sophisticatedbackpacks:backpack":1,"minecraft:spruce_slab":1,"minecraft:brown_carpet":1,"minecraft:powder_snow":42,"minecraft:crafting_table":4,"minecraft:chest":1,"minecraft:copper_ore":1,"minecraft:cobblestone":8,"minecraft:spruce_stairs":1,"minecraft:coarse_dirt":2,"minecraft:spruce_log":7,"minecraft:grass":4,"minecraft:coal_ore":30,"minecraft:oak_log":30,"minecraft:dirt":14,"minecraft:cobweb":9,"minecraft:polished_andesite":1,"minecraft:oak_leaves":3,"minecraft:deepslate":4},"minecraft:crafted":{"minecraft:wooden_sword":1,"minecraft:oak_planks":8,"minecraft:furnace":1,"minecraft:cooked_mutton":2,"tombstone:grave_key":1,"minecraft:stone_pickaxe":2,"minecraft:cooked_beef":8,"sophisticatedbackpacks:backpack":1,"minecraft:cooked_porkchop":2,"minecraft:crafting_table":1,"minecraft:spruce_planks":24,"minecraft:wooden_pickaxe":1,"minecraft:stone_axe":2,"minecraft:air":0,"minecraft:stick":24,"minecraft:torch":16},"minecraft:picked_up":{"minecraft:iron_chestplate":1,"minecraft:crafting_table":4,"minecraft:coarse_dirt":2,"minecraft:flower_pot":1,"minecraft:brown_mushroom":1,"minecraft:string":12,"minecraft:raw_copper":4,"minecraft:iron_shovel":1,"minecraft:cobbled_deepslate":4,"minecraft:spruce_planks":6,"minecraft:beef":8,"quark:permafrost":1,"minecraft:spruce_slab":1,"minecraft:chest":1,"minecraft:furnace":3,"minecraft:raw_iron":1,"minecraft:stick":1,"minecraft:copper_ingot":2,"minecraft:spruce_stairs":1,"sophisticatedbackpacks:backpack":1,"minecraft:porkchop":2,"minecraft:cookie":5,"tombstone:grave_dust":3,"minecraft:carrot":2,"minecraft:brown_carpet":1,"minecraft:rotten_flesh":13,"minecraft:arrow":3,"minecraft:mutton":2,"minecraft:iron_bars":2,"undead_revamp2:arapholia":2,"minecraft:skeleton_skull":1,"minecraft:white_wool":3,"minecraft:cobblestone":77,"born_in_chaos_v1:corpse_maggot":3,"minecraft:leather":3,"minecraft:brown_wool":3,"luminousworld:frost_golem_plaque":1,"minecraft:oak_log":40,"minecraft:cobblestone_stairs":1,"minecraft:dirt":19,"minecraft:bone":4,"minecraft:iron_ingot":1,"minecraft:gray_candle":4,"minecraft:oak_planks":1,"quark:shale":5,"minecraft:spruce_log":7,"minecraft:dead_bush":1,"minecraft:bundle":2,"minecraft:iron_hoe":1,"minecraft:polished_andesite":1,"minecraft:stone_axe":1,"luminousworld:blueberry":6,"minecraft:granite":1,"minecraft:painting":2,"tombstone:magic_scroll":1,"minecraft:coal":30,"iceandfire:raw_silver":1},"minecraft:killed":{"minecraft:cave_spider":1,"luminousworld:frost_golem":1,"enemyexpansion:direwolf":2,"born_in_chaos_v1:maggot":2,"creeperoverhaul:snowy_creeper":1,"minecraft:skeleton":2,"minecraft:pig":1,"born_in_chaos_v1:swarmer":1,"minecraft:rabbit":1,"enemyexpansion:sprinter":1,"earthmobsmod:cream_cow":1,"earthmobsmod:wooly_cow":3,"born_in_chaos_v1:decrepit_skeleton":2,"minecraft:sheep":1,"minecraft:zombie":31,"iceandfire:ghost":1,"born_in_chaos_v1:corpse_fly":6,"enemyexpansion:botfly":12},"minecraft:broken":{"minecraft:stone_axe":1},"minecraft:dropped":{"minecraft:oak_log":20,"minecraft:cobblestone":18,"minecraft:torch":17,"minecraft:string":1,"minecraft:stone_axe":1},"minecraft:killed_by":{"minecraft:player":1,"undead_revamp2:the_moonflower":1,"enemyexpansion:botfly":1,"minecraft:zombie":1},"minecraft:used":{"quark:shale":3,"minecraft:spruce_planks":8,"minecraft:stone":17,"minecraft:iron_sword":152,"minecraft:torch":3,"minecraft:dirt":18,"minecraft:spruce_stairs":1,"minecraft:carrot":1,"minecraft:granite":1,"ad_astra:tier_1_rover":1,"born_in_chaos_v1:supreme_measure":4,"luminousworld:blueberry":6,"alexscaves:submarine":1,"luminousworld:frost_golem_plaque":1,"minecraft:golden_carrot":2,"minecraft:sweet_berries":8,"minecraft:furnace":3,"quark:permafrost":1,"minecraft:cooked_beef":8,"minecraft:cobbled_deepslate":4,"minecraft:cooked_mutton":2,"minecraft:cobblestone_stairs":1,"minecraft:stone_pickaxe":134,"minecraft:ender_pearl":1,"minecraft:wooden_pickaxe":3,"minecraft:crafting_table":5,"minecraft:spruce_log":1,"minecraft:oak_log":2,"sophisticatedbackpacks:backpack":1,"minecraft:gray_candle":4,"minecraft:stone_axe":111,"minecraft:wooden_sword":10,"minecraft:cobblestone":24,"minecraft:dark_oak_fence":2},"minecraft:custom":{"minecraft:mob_kills":72,"minecraft:interact_with_crafting_table":15,"minecraft:open_barrel":14,"minecraft:damage_dealt_resisted":65,"minecraft:leave_game":4,"minecraft:time_since_death":689,"minecraft:climb_one_cm":1511,"minecraft:sprint_one_cm":249559,"minecraft:walk_one_cm":206064,"minecraft:drop":9,"minecraft:talked_to_villager":2,"minecraft:play_time":153902,"minecraft:deaths":7,"minecraft:sneak_time":5911,"minecraft:walk_under_water_one_cm":27583,"minecraft:jump":1124,"minecraft:interact_with_brewingstand":1,"minecraft:walk_on_water_one_cm":40578,"minecraft:total_world_time":153902,"minecraft:interact_with_furnace":15,"minecraft:time_since_rest":111,"minecraft:damage_taken":2458,"minecraft:trigger_trapped_chest":1,"minecraft:damage_dealt":15125,"minecraft:swim_one_cm":11637,"minecraft:fly_one_cm":595493,"minecraft:open_chest":26,"minecraft:crouch_one_cm":11663,"tombstone:undead_killed":38,"minecraft:fall_one_cm":25148}},"DataVersion":3465}