{"stats":{"minecraft:mined":{"minecraft:spruce_planks":6,"iceandfire:silver_ore":4,"minecraft:mossy_cobblestone":2,"minecraft:deepslate_diamond_ore":4,"quark:shale":5,"minecraft:cobblestone_stairs":1,"born_in_chaos_v1:infected_diamond_ore":1,"minecraft:potted_dead_bush":1,"minecraft:granite":1,"minecraft:grass_block":5,"born_in_chaos_v1:black_argillite":1,"minecraft:spruce_leaves":9,"minecraft:spawner":6,"minecraft:furnace":5,"minecraft:cobbled_deepslate":1,"minecraft:iron_ore":37,"minecraft:andesite":5,"minecraft:brown_bed":1,"minecraft:deepslate_iron_ore":18,"minecraft:iron_bars":2,"minecraft:packed_ice":1,"quark:permafrost":1,"minecraft:stone":86,"sophisticatedbackpacks:backpack":1,"minecraft:spruce_slab":1,"minecraft:deepslate_redstone_ore":2,"minecraft:potted_brown_mushroom":1,"minecraft:cyan_terracotta":2,"minecraft:brown_carpet":1,"minecraft:powder_snow":42,"minecraft:crafting_table":6,"minecraft:calcite":1,"minecraft:polished_andesite_stairs":1,"minecraft:chest":1,"minecraft:tall_grass":2,"minecraft:copper_ore":1,"minecraft:cobblestone":12,"minecraft:lapis_ore":2,"minecraft:oak_planks":10,"supplementaries:urn":2,"minecraft:skeleton_skull":1,"minecraft:spruce_stairs":1,"minecraft:coarse_dirt":2,"minecraft:gray_bed":1,"minecraft:spruce_log":7,"minecraft:black_bed":2,"minecraft:tnt":3,"minecraft:smooth_stone_slab":3,"minecraft:grass":4,"minecraft:oak_log":30,"minecraft:coal_ore":30,"luminousworld:ishstone":1,"minecraft:zombie_head":1,"minecraft:dripstone_block":1,"minecraft:dirt":14,"minecraft:cobweb":10,"minecraft:polished_andesite":1,"minecraft:gold_ore":5,"minecraft:oak_leaves":3,"minecraft:deepslate":17},"minecraft:crafted":{"minecraft:wooden_sword":1,"minecraft:oak_planks":72,"minecraft:furnace":1,"minecraft:cooked_mutton":2,"minecraft:iron_boots":1,"tombstone:grave_key":1,"minecraft:stone_pickaxe":2,"sophisticatedbackpacks:iron_backpack":1,"minecraft:cooked_beef":8,"sophisticatedbackpacks:backpack":1,"minecraft:cooked_porkchop":5,"minecraft:crafting_table":1,"minecraft:spruce_planks":24,"minecraft:wooden_pickaxe":1,"minecraft:iron_helmet":1,"minecraft:stone_axe":2,"minecraft:air":0,"minecraft:iron_chestplate":1,"minecraft:shield":1,"minecraft:stick":24,"minecraft:iron_pickaxe":1,"minecraft:iron_ingot":52,"minecraft:iron_leggings":1,"minecraft:torch":16},"minecraft:picked_up":{"born_in_chaos_v1:diamond_termite_shard":1,"minecraft:crafting_table":6,"minecraft:iron_chestplate":1,"minecraft:coarse_dirt":2,"minecraft:flower_pot":2,"minecraft:brown_mushroom":3,"minecraft:brown_bed":1,"born_in_chaos_v1:black_argillite":1,"minecraft:string":14,"minecraft:raw_copper":4,"minecraft:smooth_stone_slab":2,"minecraft:iron_shovel":1,"minecraft:zombie_head":1,"minecraft:cobbled_deepslate":17,"minecraft:spruce_planks":6,"minecraft:beef":8,"quark:permafrost":1,"minecraft:calcite":5,"minecraft:spruce_slab":1,"minecraft:chest":1,"minecraft:furnace":5,"minecraft:stick":1,"minecraft:raw_iron":58,"minecraft:stone":1,"minecraft:copper_ingot":2,"born_in_chaos_v1:phantom_powder":2,"minecraft:spruce_stairs":1,"sophisticatedbackpacks:backpack":1,"minecraft:porkchop":5,"minecraft:pointed_dripstone":8,"minecraft:cookie":5,"tombstone:grave_dust":4,"born_in_chaos_v1:pieceofdarkmetal":1,"minecraft:carrot":2,"minecraft:redstone":10,"minecraft:brown_carpet":1,"minecraft:tnt":3,"minecraft:arrow":5,"minecraft:rotten_flesh":31,"minecraft:cyan_terracotta":3,"supplementaries:ash":2,"minecraft:mutton":2,"minecraft:iron_bars":2,"undead_revamp2:arapholia":2,"minecraft:skeleton_skull":2,"minecraft:white_wool":3,"minecraft:cobblestone":96,"born_in_chaos_v1:corpse_maggot":3,"minecraft:black_bed":2,"minecraft:andesite":7,"luminousworld:ishstone":1,"minecraft:brown_wool":3,"minecraft:leather":3,"luminousworld:frost_golem_plaque":1,"minecraft:oak_log":40,"supplementaries:flax_seeds":3,"minecraft:cobblestone_stairs":1,"minecraft:lapis_lazuli":15,"minecraft:dirt":19,"minecraft:bone":6,"minecraft:raw_gold":5,"minecraft:iron_ingot":1,"tombstone:bag_of_seeds":1,"minecraft:gray_bed":1,"minecraft:gray_candle":4,"minecraft:iron_sword":1,"minecraft:oak_planks":9,"minecraft:polished_andesite_stairs":1,"quark:shale":5,"minecraft:dripstone_block":1,"minecraft:dead_bush":1,"minecraft:spruce_log":7,"minecraft:spider_eye":1,"minecraft:mossy_cobblestone":1,"minecraft:bundle":2,"minecraft:iron_hoe":1,"minecraft:polished_andesite":1,"minecraft:diamond":4,"minecraft:stone_axe":1,"luminousworld:blueberry":6,"minecraft:granite":1,"minecraft:painting":2,"tombstone:magic_scroll":1,"minecraft:coal":30,"iceandfire:raw_silver":4,"minecraft:ender_pearl":1},"minecraft:killed":{"minecraft:cave_spider":2,"luminousworld:frost_golem":1,"enemyexpansion:direwolf":2,"born_in_chaos_v1:maggot":3,"creeperoverhaul:snowy_creeper":1,"minecraft:skeleton":10,"minecraft:pig":2,"born_in_chaos_v1:diamond_termite":1,"born_in_chaos_v1:swarmer":1,"minecraft:rabbit":1,"enemyexpansion:sprinter":1,"earthmobsmod:cream_cow":1,"earthmobsmod:wooly_cow":3,"born_in_chaos_v1:decrepit_skeleton":2,"minecraft:sheep":1,"born_in_chaos_v1:phantom_creeper_copy":1,"endermanoverhaul:cave_enderman":1,"minecraft:zombie":36,"iceandfire:ghost":1,"born_in_chaos_v1:corpse_fly":6,"enemyexpansion:botfly":12,"born_in_chaos_v1:door_knight":1},"minecraft:broken":{"minecraft:stone_pickaxe":1,"minecraft:stone_axe":1,"minecraft:iron_sword":1},"minecraft:dropped":{"minecraft:brown_mushroom":2,"minecraft:oak_log":20,"luminousworld:ishstone":1,"minecraft:mossy_cobblestone":1,"minecraft:cobblestone":18,"minecraft:cyan_terracotta":1,"born_in_chaos_v1:black_argillite":1,"minecraft:torch":17,"minecraft:zombie_head":1,"tombstone:grave_dust":4,"minecraft:polished_andesite_stairs":1,"minecraft:string":1,"minecraft:stone_axe":2,"minecraft:smooth_stone_slab":2,"tombstone:gift":2,"minecraft:rotten_flesh":30,"quark:shale":2,"supplementaries:ash":2,"minecraft:stone":1,"minecraft:flower_pot":1,"minecraft:skeleton_skull":1,"minecraft:spider_eye":1,"minecraft:spruce_slab":1,"minecraft:stone_pickaxe":1},"minecraft:killed_by":{"minecraft:player":1,"undead_revamp2:the_moonflower":1,"endermanoverhaul:cave_enderman":1,"minecraft:skeleton":3,"enemyexpansion:botfly":1,"minecraft:zombie":3},"minecraft:used":{"quark:shale":3,"minecraft:spruce_planks":8,"minecraft:stone":17,"minecraft:iron_sword":239,"minecraft:torch":3,"minecraft:dirt":19,"minecraft:spruce_stairs":1,"minecraft:carrot":1,"minecraft:granite":1,"ad_astra:tier_1_rover":1,"born_in_chaos_v1:supreme_measure":4,"born_in_chaos_v1:corpse_maggot":3,"minecraft:cyan_terracotta":2,"luminousworld:blueberry":6,"minecraft:iron_axe":6,"alexscaves:submarine":1,"luminousworld:frost_golem_plaque":1,"minecraft:golden_carrot":2,"minecraft:sweet_berries":8,"minecraft:furnace":5,"minecraft:cooked_beef":8,"quark:permafrost":1,"minecraft:cobbled_deepslate":17,"minecraft:calcite":3,"minecraft:cooked_mutton":2,"minecraft:cobblestone_stairs":1,"minecraft:polished_andesite":1,"minecraft:stone_pickaxe":212,"minecraft:oak_planks":16,"minecraft:ender_pearl":1,"minecraft:wooden_pickaxe":3,"minecraft:white_wool":1,"minecraft:crafting_table":7,"alexscaves:cave_book":2,"minecraft:spruce_log":1,"tombstone:bag_of_seeds":2,"minecraft:oak_log":2,"sophisticatedbackpacks:backpack":1,"minecraft:iron_pickaxe":54,"minecraft:gray_candle":4,"minecraft:stone_axe":121,"minecraft:wooden_sword":10,"minecraft:cobblestone":24,"minecraft:cooked_porkchop":3,"minecraft:dark_oak_fence":2,"minecraft:andesite":7,"minecraft:coarse_dirt":2},"minecraft:custom":{"minecraft:mob_kills":94,"minecraft:interact_with_crafting_table":29,"minecraft:open_barrel":16,"minecraft:damage_dealt_resisted":728,"minecraft:leave_game":5,"minecraft:time_since_death":28131,"minecraft:climb_one_cm":1511,"minecraft:sprint_one_cm":349080,"minecraft:walk_one_cm":297872,"minecraft:drop":32,"minecraft:talked_to_villager":2,"minecraft:play_time":212833,"minecraft:deaths":13,"minecraft:sneak_time":10400,"minecraft:walk_under_water_one_cm":30157,"minecraft:jump":1678,"minecraft:interact_with_brewingstand":1,"minecraft:walk_on_water_one_cm":47986,"minecraft:total_world_time":212833,"minecraft:interact_with_furnace":29,"minecraft:interact_with_loom":6,"minecraft:time_since_rest":27881,"minecraft:damage_taken":4402,"minecraft:trigger_trapped_chest":1,"minecraft:damage_dealt":19183,"minecraft:swim_one_cm":13543,"minecraft:fly_one_cm":708543,"minecraft:open_chest":30,"minecraft:crouch_one_cm":22399,"tombstone:undead_killed":52,"minecraft:fall_one_cm":38735}},"DataVersion":3465}