{"stats":{"minecraft:mined":{"minecraft:spruce_planks":6,"iceandfire:silver_ore":4,"minecraft:mossy_cobblestone":2,"quark:shale":5,"minecraft:cobblestone_stairs":1,"minecraft:granite":1,"minecraft:potted_dead_bush":1,"minecraft:grass_block":5,"minecraft:spruce_leaves":9,"minecraft:spawner":6,"minecraft:furnace":3,"minecraft:iron_ore":6,"minecraft:deepslate_iron_ore":1,"minecraft:iron_bars":2,"minecraft:packed_ice":1,"quark:permafrost":1,"minecraft:stone":75,"sophisticatedbackpacks:backpack":1,"minecraft:spruce_slab":1,"minecraft:potted_brown_mushroom":1,"minecraft:cyan_terracotta":2,"minecraft:brown_carpet":1,"minecraft:powder_snow":42,"minecraft:crafting_table":5,"minecraft:polished_andesite_stairs":1,"minecraft:chest":1,"minecraft:copper_ore":1,"minecraft:cobblestone":11,"minecraft:oak_planks":4,"minecraft:skeleton_skull":1,"minecraft:spruce_stairs":1,"minecraft:coarse_dirt":2,"minecraft:spruce_log":7,"minecraft:smooth_stone_slab":3,"minecraft:grass":4,"minecraft:coal_ore":30,"minecraft:oak_log":30,"minecraft:dirt":14,"minecraft:cobweb":10,"minecraft:polished_andesite":1,"minecraft:oak_leaves":3,"minecraft:deepslate":4},"minecraft:crafted":{"minecraft:wooden_sword":1,"minecraft:oak_planks":72,"minecraft:furnace":1,"minecraft:cooked_mutton":2,"tombstone:grave_key":1,"minecraft:stone_pickaxe":2,"minecraft:cooked_beef":8,"sophisticatedbackpacks:backpack":1,"minecraft:cooked_porkchop":2,"minecraft:crafting_table":1,"minecraft:spruce_planks":24,"minecraft:wooden_pickaxe":1,"minecraft:stone_axe":2,"minecraft:air":0,"minecraft:stick":24,"minecraft:torch":16},"minecraft:picked_up":{"minecraft:iron_chestplate":1,"minecraft:crafting_table":5,"minecraft:coarse_dirt":2,"minecraft:flower_pot":2,"minecraft:brown_mushroom":3,"minecraft:string":14,"minecraft:raw_copper":4,"minecraft:smooth_stone_slab":2,"minecraft:iron_shovel":1,"minecraft:cobbled_deepslate":4,"minecraft:spruce_planks":6,"minecraft:beef":8,"quark:permafrost":1,"minecraft:spruce_slab":1,"minecraft:chest":1,"minecraft:furnace":3,"minecraft:raw_iron":7,"minecraft:stick":1,"minecraft:copper_ingot":2,"minecraft:spruce_stairs":1,"sophisticatedbackpacks:backpack":1,"minecraft:porkchop":2,"minecraft:cookie":5,"tombstone:grave_dust":4,"minecraft:carrot":2,"minecraft:brown_carpet":1,"minecraft:rotten_flesh":31,"minecraft:arrow":4,"minecraft:cyan_terracotta":3,"minecraft:mutton":2,"minecraft:iron_bars":2,"undead_revamp2:arapholia":2,"minecraft:skeleton_skull":2,"minecraft:white_wool":3,"minecraft:cobblestone":84,"born_in_chaos_v1:corpse_maggot":3,"minecraft:leather":3,"minecraft:brown_wool":3,"luminousworld:frost_golem_plaque":1,"minecraft:oak_log":40,"minecraft:cobblestone_stairs":1,"minecraft:dirt":19,"minecraft:bone":6,"minecraft:iron_ingot":1,"minecraft:gray_candle":4,"minecraft:iron_sword":1,"minecraft:oak_planks":3,"minecraft:polished_andesite_stairs":1,"quark:shale":5,"minecraft:spruce_log":7,"minecraft:dead_bush":1,"minecraft:spider_eye":1,"minecraft:mossy_cobblestone":1,"minecraft:bundle":2,"minecraft:iron_hoe":1,"minecraft:polished_andesite":1,"minecraft:stone_axe":1,"luminousworld:blueberry":6,"minecraft:granite":1,"minecraft:painting":2,"tombstone:magic_scroll":1,"minecraft:coal":30,"iceandfire:raw_silver":4},"minecraft:killed":{"minecraft:cave_spider":2,"luminousworld:frost_golem":1,"enemyexpansion:direwolf":2,"born_in_chaos_v1:maggot":3,"creeperoverhaul:snowy_creeper":1,"minecraft:skeleton":8,"minecraft:pig":1,"born_in_chaos_v1:swarmer":1,"minecraft:rabbit":1,"enemyexpansion:sprinter":1,"earthmobsmod:cream_cow":1,"earthmobsmod:wooly_cow":3,"born_in_chaos_v1:decrepit_skeleton":2,"minecraft:sheep":1,"minecraft:zombie":35,"iceandfire:ghost":1,"born_in_chaos_v1:corpse_fly":6,"enemyexpansion:botfly":12},"minecraft:broken":{"minecraft:stone_pickaxe":1,"minecraft:stone_axe":1},"minecraft:dropped":{"minecraft:brown_mushroom":2,"minecraft:oak_log":20,"minecraft:mossy_cobblestone":1,"minecraft:cobblestone":18,"minecraft:cyan_terracotta":1,"minecraft:torch":17,"minecraft:string":1,"minecraft:stone_axe":1,"minecraft:smooth_stone_slab":1,"tombstone:gift":1,"minecraft:rotten_flesh":30,"minecraft:flower_pot":1,"minecraft:spider_eye":1},"minecraft:killed_by":{"minecraft:player":1,"undead_revamp2:the_moonflower":1,"minecraft:skeleton":2,"enemyexpansion:botfly":1,"minecraft:zombie":3},"minecraft:used":{"quark:shale":3,"minecraft:spruce_planks":8,"minecraft:stone":17,"minecraft:iron_sword":200,"minecraft:torch":3,"minecraft:dirt":19,"minecraft:spruce_stairs":1,"minecraft:carrot":1,"minecraft:granite":1,"ad_astra:tier_1_rover":1,"born_in_chaos_v1:corpse_maggot":3,"born_in_chaos_v1:supreme_measure":4,"minecraft:cyan_terracotta":1,"luminousworld:blueberry":6,"alexscaves:submarine":1,"luminousworld:frost_golem_plaque":1,"minecraft:golden_carrot":2,"minecraft:sweet_berries":8,"minecraft:furnace":3,"quark:permafrost":1,"minecraft:cooked_beef":8,"minecraft:cobbled_deepslate":4,"minecraft:cooked_mutton":2,"minecraft:cobblestone_stairs":1,"minecraft:stone_pickaxe":163,"minecraft:oak_planks":14,"minecraft:ender_pearl":1,"minecraft:wooden_pickaxe":3,"minecraft:white_wool":1,"minecraft:crafting_table":6,"minecraft:spruce_log":1,"minecraft:oak_log":2,"sophisticatedbackpacks:backpack":1,"minecraft:gray_candle":4,"minecraft:stone_axe":116,"minecraft:wooden_sword":10,"minecraft:cobblestone":24,"minecraft:dark_oak_fence":2},"minecraft:custom":{"minecraft:mob_kills":84,"minecraft:interact_with_crafting_table":18,"minecraft:open_barrel":14,"minecraft:damage_dealt_resisted":65,"minecraft:leave_game":4,"minecraft:time_since_death":7542,"minecraft:climb_one_cm":1511,"minecraft:sprint_one_cm":285508,"minecraft:walk_one_cm":241957,"minecraft:drop":18,"minecraft:talked_to_villager":2,"minecraft:play_time":165902,"minecraft:deaths":11,"minecraft:sneak_time":6684,"minecraft:walk_under_water_one_cm":27583,"minecraft:jump":1180,"minecraft:interact_with_brewingstand":1,"minecraft:walk_on_water_one_cm":40578,"minecraft:total_world_time":165902,"minecraft:interact_with_furnace":15,"minecraft:time_since_rest":7413,"minecraft:damage_taken":3704,"minecraft:trigger_trapped_chest":1,"minecraft:damage_dealt":17557,"minecraft:swim_one_cm":11637,"minecraft:fly_one_cm":598957,"minecraft:open_chest":30,"minecraft:crouch_one_cm":13113,"tombstone:undead_killed":48,"minecraft:fall_one_cm":26106}},"DataVersion":3465}