{"stats":{"minecraft:picked_up":{"minecraft:crafting_table":1,"minecraft:iron_chestplate":1,"minecraft:copper_ingot":2,"minecraft:brown_mushroom":1,"luminousworld:frost_golem_plaque":1,"minecraft:spruce_log":7,"minecraft:dirt":1,"minecraft:string":1,"minecraft:raw_copper":4,"minecraft:rotten_flesh":1,"undead_revamp2:arapholia":2,"minecraft:coal":10,"minecraft:skeleton_skull":1,"minecraft:white_wool":2,"minecraft:cobblestone":32},"minecraft:custom":{"minecraft:time_since_rest":3176,"minecraft:interact_with_furnace":2,"minecraft:sprint_one_cm":50515,"minecraft:damage_taken":270,"minecraft:walk_one_cm":31302,"minecraft:trigger_trapped_chest":1,"minecraft:mob_kills":5,"minecraft:drop":1,"minecraft:damage_dealt":4434,"minecraft:talked_to_villager":1,"minecraft:swim_one_cm":3486,"minecraft:interact_with_crafting_table":5,"minecraft:fly_one_cm":485884,"minecraft:open_barrel":10,"minecraft:open_chest":18,"minecraft:crouch_one_cm":868,"minecraft:play_time":65646,"tombstone:undead_killed":1,"minecraft:deaths":3,"minecraft:sneak_time":1738,"minecraft:walk_under_water_one_cm":20884,"minecraft:jump":222,"minecraft:leave_game":2,"minecraft:walk_on_water_one_cm":2401,"minecraft:time_since_death":4823,"minecraft:total_world_time":65646,"minecraft:climb_one_cm":155,"minecraft:fall_one_cm":5521},"minecraft:used":{"born_in_chaos_v1:supreme_measure":4,"minecraft:stone_pickaxe":40,"alexscaves:submarine":1,"minecraft:ender_pearl":1,"minecraft:wooden_pickaxe":3,"minecraft:stone":17,"minecraft:stone_axe":4,"luminousworld:frost_golem_plaque":1,"minecraft:dirt":1,"minecraft:crafting_table":2,"minecraft:dark_oak_fence":2,"minecraft:spruce_log":1,"ad_astra:tier_1_rover":1},"minecraft:dropped":{"minecraft:string":1},"minecraft:killed":{"creeperoverhaul:snowy_creeper":1,"iceandfire:ghost":1,"luminousworld:frost_golem":1,"minecraft:rabbit":1,"enemyexpansion:direwolf":1},"minecraft:killed_by":{"undead_revamp2:the_moonflower":1},"minecraft:mined":{"minecraft:spruce_log":7,"minecraft:powder_snow":26,"minecraft:crafting_table":1,"minecraft:coal_ore":10,"minecraft:dirt":1,"minecraft:packed_ice":1,"minecraft:copper_ore":1,"minecraft:spruce_leaves":8,"minecraft:stone":32},"minecraft:crafted":{"minecraft:crafting_table":1,"tombstone:grave_key":1,"minecraft:spruce_planks":24,"minecraft:stick":8,"minecraft:wooden_pickaxe":1,"minecraft:stone_pickaxe":1,"minecraft:stone_axe":1}},"DataVersion":3465}