{"stats":{"minecraft:dropped":{"minecraft:brown_mushroom":2,"minecraft:oak_log":20,"minecraft:cyan_terracotta":1,"tombstone:bag_of_seeds":1,"minecraft:dark_oak_planks":2,"iceandfire:dread_shard":8,"minecraft:stone_axe":2,"tombstone:gift":4,"minecraft:rotten_flesh":39,"quark:shale":2,"minecraft:poppy":2,"supplementaries:flax_seeds":3,"supplementaries:ash":2,"minecraft:skeleton_skull":1,"minecraft:spruce_slab":1,"luminousworld:ishstone":1,"minecraft:mossy_cobblestone":1,"minecraft:cobblestone":18,"born_in_chaos_v1:black_argillite":1,"minecraft:torch":17,"minecraft:zombie_head":1,"tombstone:grave_dust":8,"minecraft:polished_andesite_stairs":1,"minecraft:paper":1,"minecraft:string":1,"minecraft:dandelion":1,"minecraft:creeper_head":1,"minecraft:smooth_stone_slab":2,"minecraft:stone":1,"minecraft:flower_pot":1,"minecraft:bundle":2,"minecraft:spider_eye":1,"minecraft:stone_pickaxe":1,"iceandfire:dragonbone_sword_lightning":1},"minecraft:broken":{"minecraft:iron_boots":1,"minecraft:iron_chestplate":1,"minecraft:iron_leggings":1,"minecraft:stone_pickaxe":1,"minecraft:chainmail_chestplate":5,"minecraft:stone_axe":1,"minecraft:iron_sword":2,"iceandfire:dread_sword":1,"minecraft:chainmail_leggings":1,"aether:iron_gloves":1,"minecraft:chainmail_helmet":1,"minecraft:iron_helmet":1},"minecraft:killed_by":{"undead_revamp2:the_moonflower":1,"endermanoverhaul:cave_enderman":2,"alexsmobs:tusklin":1,"iceandfire:dread_ghoul":17,"iceandfire:sea_serpent":3,"minecraft:zombie":3,"luminousworld:frostbitten_zombie":1,"iceandfire:fire_dragon":3,"iceandfire:dread_beast":11,"minecraft:player":2,"iceandfire:dread_thrall":4,"iceandfire:dread_knight":12,"minecraft:skeleton":8,"enemyexpansion:botfly":1},"minecraft:killed":{"minecraft:cave_spider":3,"luminousworld:frost_golem":1,"enemyexpansion:equestrian":2,"undead_revamp2:axestrom":1,"minecraft:skeleton":10,"minecraft:silverfish":2,"undead_revamp2:therod":1,"minecraft:illusioner":1,"iceandfire:dread_scuttler":1,"born_in_chaos_v1:firelight_not_despawn":3,"undead_revamp2:thespitter":1,"artifacts:mimic":1,"minecraft:pig":2,"born_in_chaos_v1:diamond_termite":1,"minecraft:sheep":1,"minecraft:zombie":38,"born_in_chaos_v1:corpse_fly":6,"enemyexpansion:botfly":12,"undead_revamp2:theskeeper":1,"iceandfire:dread_ghoul":8,"born_in_chaos_v1:door_knight":1,"iceandfire:dread_beast":10,"enemyexpansion:direwolf":2,"born_in_chaos_v1:maggot":3,"creeperoverhaul:snowy_creeper":1,"iceandfire:dread_knight":7,"iceandfire:dread_thrall":27,"alexsmobs:comb_jelly":1,"earthmobsmod:albino_cow":3,"born_in_chaos_v1:swarmer":1,"minecraft:rabbit":1,"enemyexpansion:sprinter":1,"earthmobsmod:cream_cow":1,"earthmobsmod:wooly_cow":3,"born_in_chaos_v1:decrepit_skeleton":2,"born_in_chaos_v1:phantom_creeper_copy":1,"undead_revamp2:thesomnolence":1,"endermanoverhaul:cave_enderman":2,"iceandfire:ghost":2},"minecraft:custom":{"minecraft:interact_with_crafting_table":37,"minecraft:open_barrel":31,"minecraft:leave_game":8,"minecraft:time_since_death":11023,"minecraft:sprint_one_cm":872468,"minecraft:damage_blocked_by_shield":2263,"minecraft:drop":51,"minecraft:talked_to_villager":5,"minecraft:play_time":424294,"minecraft:deaths":76,"minecraft:jump":3842,"minecraft:interact_with_brewingstand":1,"minecraft:walk_on_water_one_cm":64694,"minecraft:interact_with_furnace":54,"minecraft:interact_with_loom":6,"minecraft:sleep_in_bed":3,"minecraft:damage_dealt":42284,"minecraft:crouch_one_cm":88209,"tombstone:undead_killed":112,"minecraft:interact_with_smoker":2,"minecraft:mob_kills":227,"minecraft:interact_with_campfire":9,"minecraft:damage_dealt_resisted":728,"minecraft:climb_one_cm":1511,"minecraft:walk_one_cm":602736,"minecraft:sneak_time":37675,"minecraft:walk_under_water_one_cm":52287,"minecraft:interact_with_blast_furnace":2,"minecraft:total_world_time":424294,"tombstone:raider_killed":1,"minecraft:time_since_rest":10833,"minecraft:damage_taken":23380,"minecraft:trigger_trapped_chest":2,"minecraft:swim_one_cm":115610,"minecraft:fly_one_cm":1333108,"minecraft:open_chest":106,"minecraft:fall_one_cm":94017},"minecraft:crafted":{"minecraft:oak_planks":72,"minecraft:cooked_mutton":2,"minecraft:glass":4,"minecraft:iron_boots":1,"tombstone:grave_key":1,"minecraft:glass_bottle":3,"sophisticatedbackpacks:backpack":1,"minecraft:cooked_porkchop":5,"minecraft:crafting_table":1,"minecraft:spruce_planks":132,"minecraft:baked_potato":152,"minecraft:wooden_pickaxe":1,"minecraft:iron_helmet":1,"minecraft:iron_chestplate":1,"minecraft:shield":1,"minecraft:stick":24,"minecraft:iron_ingot":52,"minecraft:iron_pickaxe":1,"minecraft:shears":1,"minecraft:wooden_sword":1,"minecraft:furnace":1,"minecraft:stone_pickaxe":2,"quark:spruce_chest":4,"sophisticatedbackpacks:iron_backpack":1,"minecraft:cooked_beef":8,"minecraft:coal_block":2,"minecraft:stone_axe":2,"minecraft:bread":5,"minecraft:air":0,"minecraft:white_wool":1,"minecraft:iron_leggings":1,"minecraft:torch":16},"minecraft:used":{"minecraft:iron_shovel":4,"minecraft:spruce_slab":5,"quark:shale":3,"minecraft:shield":82,"minecraft:stone":17,"minecraft:iron_sword":439,"minecraft:carrot":1,"minecraft:tuff":1,"born_in_chaos_v1:corpse_maggot":3,"iceandfire:dread_torch":1,"minecraft:cyan_terracotta":2,"minecraft:packed_ice":1,"friendsandfoes:totem_of_illusion":1,"luminousworld:blueberry":6,"minecraft:red_carpet":2,"minecraft:brown_carpet":2,"minecraft:sweet_berries":8,"supplementaries:ash":1,"minecraft:furnace":6,"quark:permafrost":1,"minecraft:dark_oak_stairs":1,"minecraft:stone_pickaxe":212,"minecraft:oak_planks":86,"minecraft:wooden_pickaxe":3,"minecraft:ender_pearl":1,"iceandfire:dread_stone_bricks":10,"minecraft:blue_bed":1,"minecraft:diamond_axe":181,"minecraft:white_wool":1,"alexscaves:cave_book":2,"minecraft:blast_furnace":1,"iceandfire:dragonbone_sword_lightning":191,"minecraft:dripstone_block":1,"minecraft:black_bed":1,"minecraft:shears":2,"sophisticatedbackpacks:backpack":1,"minecraft:bread":25,"minecraft:brown_wool":3,"iceandfire:dread_sword":48,"minecraft:deepslate":1,"minecraft:wooden_sword":10,"minecraft:dark_oak_fence":2,"minecraft:andesite":10,"minecraft:coarse_dirt":2,"minecraft:spruce_planks":70,"minecraft:torch":3,"minecraft:dirt":19,"minecraft:spruce_stairs":3,"minecraft:granite":1,"minecraft:spruce_fence":1,"ad_astra:tier_1_rover":1,"minecraft:polished_diorite":14,"born_in_chaos_v1:supreme_measure":4,"born_in_chaos_v1:chipped_black_argillite_brick":2,"born_in_chaos_v1:black_argillite_button":1,"quark:spruce_chest":4,"minecraft:iron_axe":6,"alexscaves:submarine":1,"luminousworld:frost_golem_plaque":1,"minecraft:golden_carrot":2,"minecraft:cooked_beef":15,"minecraft:cobbled_deepslate":34,"minecraft:brown_bed":4,"minecraft:calcite":8,"minecraft:cooked_mutton":2,"minecraft:cobblestone_stairs":1,"luminousworld:blackberry":3,"minecraft:polished_andesite":1,"minecraft:baked_potato":16,"minecraft:mossy_cobblestone":1,"minecraft:crafting_table":8,"iceandfire:dread_stone_bricks_mossy":2,"minecraft:spruce_log":1,"tombstone:bag_of_seeds":2,"minecraft:oak_log":2,"minecraft:iron_pickaxe":213,"minecraft:gray_candle":4,"iceandfire:ash":3,"minecraft:stone_axe":121,"minecraft:cobblestone":65,"minecraft:cooked_porkchop":4,"iceandfire:dread_stone_bricks_cracked":2},"minecraft:mined":{"minecraft:spruce_planks":18,"iceandfire:dread_torch":1,"minecraft:cobblestone_stairs":1,"minecraft:potted_dead_bush":1,"minecraft:granite":1,"born_in_chaos_v1:dark_metal_deposit":1,"minecraft:grass_block":9,"iceandfire:dread_spawner":13,"minecraft:spawner":8,"minecraft:dark_oak_trapdoor":2,"minecraft:iron_ore":40,"minecraft:cobbled_deepslate":9,"minecraft:fire":22,"minecraft:dark_oak_stairs":1,"minecraft:brown_bed":4,"minecraft:iron_bars":2,"iceandfire:dread_stone_bricks_cracked":3,"minecraft:spruce_slab":6,"minecraft:deepslate_redstone_ore":4,"minecraft:potted_brown_mushroom":1,"minecraft:cyan_terracotta":2,"minecraft:powder_snow":42,"minecraft:blast_furnace":1,"minecraft:calcite":4,"minecraft:poppy":2,"minecraft:polished_andesite_stairs":1,"minecraft:chest":1,"minecraft:dead_bush":1,"minecraft:cobblestone":15,"minecraft:oak_planks":29,"minecraft:wall_torch":1,"minecraft:skeleton_skull":1,"minecraft:polished_diorite_stairs":1,"minecraft:dark_oak_slab":1,"minecraft:black_bed":3,"minecraft:tnt":3,"minecraft:smooth_stone_slab":3,"iceandfire:dragonforge_ice_input":1,"minecraft:grass":4,"iceandfire:dread_stone_bricks_mossy":2,"minecraft:oak_log":30,"minecraft:diorite_wall":4,"minecraft:sand":4,"minecraft:dirt":14,"minecraft:yellow_stained_glass":1,"minecraft:oak_leaves":3,"iceandfire:dread_stone_bricks":11,"minecraft:deepslate":29,"minecraft:red_carpet":1,"minecraft:tuff":1,"iceandfire:silver_ore":7,"minecraft:mossy_cobblestone":2,"quark:shale":5,"minecraft:deepslate_diamond_ore":9,"born_in_chaos_v1:infected_diamond_ore":1,"minecraft:dark_oak_fence":1,"minecraft:spruce_fence":5,"born_in_chaos_v1:black_argillite":1,"minecraft:spruce_leaves":15,"iceandfire:dragonforge_ice_brick":1,"iceandfire:chared_grass":2,"minecraft:oak_trapdoor":6,"minecraft:furnace":5,"iceandfire:chared_gravel":2,"minecraft:dark_oak_fence_gate":3,"minecraft:andesite":5,"iceandfire:dragon_bone_block":1,"minecraft:deepslate_iron_ore":18,"minecraft:rail":20,"luminousworld:snowgrass":1,"minecraft:packed_ice":5,"quark:permafrost":1,"minecraft:stone":92,"sophisticatedbackpacks:backpack":1,"minecraft:light_gray_carpet":1,"minecraft:brown_carpet":3,"minecraft:dandelion":1,"minecraft:oak_fence":2,"minecraft:crafting_table":6,"iceandfire:dread_stone_slab":1,"iceandfire:dread_stone_stairs":2,"minecraft:tall_grass":2,"minecraft:copper_ore":1,"born_in_chaos_v1:chipped_black_argillite_brick":2,"minecraft:deepslate_gold_ore":6,"minecraft:lapis_ore":2,"minecraft:blue_bed":1,"supplementaries:urn":2,"minecraft:spruce_stairs":10,"minecraft:coarse_dirt":2,"minecraft:ice":2,"minecraft:gray_bed":1,"minecraft:white_carpet":6,"minecraft:spruce_log":34,"iceandfire:ash":1,"minecraft:coal_ore":48,"luminousworld:ishstone":1,"minecraft:zombie_head":1,"minecraft:dripstone_block":1,"minecraft:cobweb":25,"minecraft:polished_andesite":1,"minecraft:gold_ore":5},"minecraft:picked_up":{"iceandfire:dread_stone_bricks":11,"minecraft:iron_chestplate":2,"minecraft:wheat":17,"luminousworld:blackberry":5,"minecraft:flower_pot":2,"minecraft:brown_bed":4,"born_in_chaos_v1:black_argillite":1,"minecraft:string":27,"minecraft:dark_oak_trapdoor":2,"minecraft:raw_copper":4,"minecraft:smooth_stone_slab":2,"minecraft:zombie_head":1,"minecraft:experience_bottle":1,"minecraft:gold_nugget":20,"minecraft:cobbled_deepslate":34,"minecraft:spruce_planks":14,"iceandfire:dragonforge_ice_brick":1,"minecraft:calcite":8,"minecraft:furnace":5,"minecraft:stick":1,"minecraft:oak_fence":4,"born_in_chaos_v1:phantom_powder":2,"minecraft:torch":1,"minecraft:spruce_stairs":4,"iceandfire:dread_sword":1,"minecraft:porkchop":5,"minecraft:pointed_dripstone":8,"tombstone:grave_dust":10,"minecraft:brown_carpet":3,"minecraft:rotten_flesh":42,"minecraft:cyan_terracotta":3,"supplementaries:ash":8,"minecraft:iron_bars":2,"undead_revamp2:arapholia":2,"minecraft:cobblestone":106,"minecraft:feather":8,"minecraft:cooked_beef":9,"minecraft:andesite":10,"minecraft:black_bed":2,"minecraft:brown_wool":13,"luminousworld:frost_golem_plaque":1,"artifacts:thorn_pendant":1,"minecraft:potato":130,"minecraft:tuff":1,"supplementaries:flax_seeds":3,"born_in_chaos_v1:black_argillite_button":1,"minecraft:lapis_lazuli":15,"minecraft:dirt":23,"minecraft:lantern":1,"minecraft:bone":45,"minecraft:bow":1,"minecraft:wheat_seeds":34,"minecraft:raw_gold":11,"minecraft:gray_candle":4,"minecraft:oak_planks":35,"minecraft:diorite_wall":1,"quark:shale":5,"minecraft:sand":4,"minecraft:dead_bush":1,"iceandfire:dragonbone_sword_lightning":1,"minecraft:mossy_cobblestone":2,"minecraft:bundle":3,"minecraft:iron_hoe":1,"minecraft:polished_andesite":1,"born_in_chaos_v1:fire_dust":3,"minecraft:diamond":9,"minecraft:deepslate":1,"luminousworld:yellowpetunias":1,"iceandfire:dread_stone_bricks_mossy":1,"luminousworld:blueberry":6,"minecraft:granite":1,"minecraft:emerald":1,"minecraft:chainmail_helmet":1,"minecraft:light_gray_carpet":1,"minecraft:dark_oak_fence":1,"iceandfire:raw_silver":7,"minecraft:spruce_leaves":1,"minecraft:coarse_dirt":2,"minecraft:crafting_table":6,"born_in_chaos_v1:diamond_termite_shard":1,"minecraft:brown_mushroom":3,"friendsandfoes:totem_of_illusion":1,"minecraft:cornflower":1,"minecraft:oak_trapdoor":5,"minecraft:iron_axe":1,"quark:yellow_shard":2,"minecraft:white_carpet":5,"minecraft:iron_shovel":1,"minecraft:beef":17,"quark:permafrost":1,"iceandfire:dread_shard":26,"minecraft:poppy":2,"minecraft:spruce_slab":6,"minecraft:sugar_cane":2,"minecraft:chest":1,"minecraft:raw_iron":61,"minecraft:stone":1,"minecraft:copper_ingot":3,"iceandfire:chared_grass":2,"minecraft:spruce_fence":5,"sophisticatedbackpacks:backpack":1,"minecraft:cookie":5,"born_in_chaos_v1:pieceofdarkmetal":2,"minecraft:carrot":36,"minecraft:redstone":19,"minecraft:dark_oak_planks":2,"minecraft:tnt":3,"minecraft:arrow":9,"undead_revamp2:the_somnolenceextract":1,"minecraft:mutton":2,"minecraft:white_wool":6,"minecraft:skeleton_skull":2,"minecraft:rail":20,"born_in_chaos_v1:corpse_maggot":3,"luminousworld:ishstone":1,"minecraft:leather":9,"minecraft:oak_log":40,"minecraft:chainmail_chestplate":1,"iceandfire:dread_stone_bricks_cracked":2,"minecraft:gunpowder":2,"minecraft:cobblestone_stairs":1,"minecraft:blue_bed":1,"minecraft:paper":1,"minecraft:cooked_mutton":1,"minecraft:red_carpet":2,"minecraft:iron_ingot":1,"born_in_chaos_v1:chipped_black_argillite_brick":2,"iceandfire:dread_stone_stairs":2,"tombstone:bag_of_seeds":2,"minecraft:gray_bed":1,"minecraft:iron_sword":3,"minecraft:dark_oak_stairs":1,"minecraft:polished_andesite_stairs":1,"minecraft:dark_oak_slab":2,"iceandfire:ash":2,"minecraft:dandelion":1,"minecraft:dripstone_block":1,"minecraft:blast_furnace":1,"minecraft:spruce_log":33,"minecraft:dark_oak_fence_gate":2,"minecraft:spider_eye":1,"minecraft:polished_diorite_stairs":1,"minecraft:polished_diorite":14,"minecraft:stone_axe":1,"minecraft:chainmail_leggings":1,"alexsmobs:rainbow_jelly":2,"minecraft:painting":2,"iceandfire:dragonforge_ice_input":1,"tombstone:magic_scroll":3,"minecraft:black_wool":3,"iceandfire:chared_gravel":2,"minecraft:coal":48,"minecraft:ender_pearl":2}},"DataVersion":3465}