{"stats":{"minecraft:mined":{"minecraft:spruce_planks":6,"iceandfire:silver_ore":4,"minecraft:mossy_cobblestone":2,"quark:shale":5,"minecraft:cobblestone_stairs":1,"minecraft:potted_dead_bush":1,"minecraft:granite":1,"minecraft:grass_block":5,"born_in_chaos_v1:black_argillite":1,"minecraft:spruce_leaves":9,"minecraft:spawner":6,"minecraft:furnace":3,"minecraft:iron_ore":20,"minecraft:andesite":4,"minecraft:deepslate_iron_ore":3,"minecraft:iron_bars":2,"minecraft:packed_ice":1,"quark:permafrost":1,"minecraft:stone":76,"sophisticatedbackpacks:backpack":1,"minecraft:spruce_slab":1,"minecraft:potted_brown_mushroom":1,"minecraft:cyan_terracotta":2,"minecraft:brown_carpet":1,"minecraft:powder_snow":42,"minecraft:crafting_table":5,"minecraft:polished_andesite_stairs":1,"minecraft:chest":1,"minecraft:copper_ore":1,"minecraft:cobblestone":11,"minecraft:oak_planks":8,"supplementaries:urn":1,"minecraft:skeleton_skull":1,"minecraft:spruce_stairs":1,"minecraft:coarse_dirt":2,"minecraft:spruce_log":7,"minecraft:smooth_stone_slab":3,"minecraft:grass":4,"minecraft:oak_log":30,"minecraft:coal_ore":30,"minecraft:zombie_head":1,"minecraft:dirt":14,"minecraft:cobweb":10,"minecraft:polished_andesite":1,"minecraft:oak_leaves":3,"minecraft:deepslate":6},"minecraft:crafted":{"minecraft:wooden_sword":1,"minecraft:oak_planks":72,"minecraft:furnace":1,"minecraft:cooked_mutton":2,"tombstone:grave_key":1,"minecraft:stone_pickaxe":2,"minecraft:cooked_beef":8,"sophisticatedbackpacks:backpack":1,"minecraft:cooked_porkchop":2,"minecraft:crafting_table":1,"minecraft:spruce_planks":24,"minecraft:wooden_pickaxe":1,"minecraft:stone_axe":2,"minecraft:air":0,"minecraft:stick":24,"minecraft:torch":16},"minecraft:picked_up":{"minecraft:crafting_table":5,"minecraft:iron_chestplate":1,"minecraft:coarse_dirt":2,"minecraft:flower_pot":2,"minecraft:brown_mushroom":3,"born_in_chaos_v1:black_argillite":1,"minecraft:string":14,"minecraft:raw_copper":4,"minecraft:smooth_stone_slab":2,"minecraft:iron_shovel":1,"minecraft:zombie_head":1,"minecraft:cobbled_deepslate":6,"minecraft:spruce_planks":6,"minecraft:beef":8,"quark:permafrost":1,"minecraft:spruce_slab":1,"minecraft:chest":1,"minecraft:furnace":3,"minecraft:stick":1,"minecraft:raw_iron":26,"minecraft:stone":1,"minecraft:copper_ingot":2,"minecraft:spruce_stairs":1,"sophisticatedbackpacks:backpack":1,"minecraft:porkchop":2,"minecraft:cookie":5,"tombstone:grave_dust":4,"minecraft:carrot":2,"minecraft:brown_carpet":1,"minecraft:arrow":4,"minecraft:rotten_flesh":31,"minecraft:cyan_terracotta":3,"supplementaries:ash":2,"minecraft:mutton":2,"minecraft:iron_bars":2,"undead_revamp2:arapholia":2,"minecraft:skeleton_skull":2,"minecraft:white_wool":3,"minecraft:cobblestone":85,"born_in_chaos_v1:corpse_maggot":3,"minecraft:andesite":4,"minecraft:brown_wool":3,"minecraft:leather":3,"luminousworld:frost_golem_plaque":1,"minecraft:oak_log":40,"minecraft:cobblestone_stairs":1,"minecraft:dirt":19,"minecraft:bone":6,"minecraft:iron_ingot":1,"minecraft:gray_candle":4,"minecraft:iron_sword":1,"minecraft:oak_planks":7,"minecraft:polished_andesite_stairs":1,"quark:shale":5,"minecraft:dead_bush":1,"minecraft:spruce_log":7,"minecraft:spider_eye":1,"minecraft:mossy_cobblestone":1,"minecraft:bundle":2,"minecraft:iron_hoe":1,"minecraft:polished_andesite":1,"minecraft:stone_axe":1,"luminousworld:blueberry":6,"minecraft:granite":1,"minecraft:painting":2,"tombstone:magic_scroll":1,"minecraft:coal":30,"iceandfire:raw_silver":4,"minecraft:ender_pearl":1},"minecraft:killed":{"minecraft:cave_spider":2,"luminousworld:frost_golem":1,"enemyexpansion:direwolf":2,"born_in_chaos_v1:maggot":3,"creeperoverhaul:snowy_creeper":1,"minecraft:skeleton":8,"minecraft:pig":1,"born_in_chaos_v1:swarmer":1,"minecraft:rabbit":1,"enemyexpansion:sprinter":1,"earthmobsmod:cream_cow":1,"earthmobsmod:wooly_cow":3,"born_in_chaos_v1:decrepit_skeleton":2,"minecraft:sheep":1,"endermanoverhaul:cave_enderman":1,"minecraft:zombie":35,"iceandfire:ghost":1,"born_in_chaos_v1:corpse_fly":6,"enemyexpansion:botfly":12},"minecraft:broken":{"minecraft:stone_pickaxe":1,"minecraft:stone_axe":1},"minecraft:dropped":{"minecraft:brown_mushroom":2,"minecraft:oak_log":20,"minecraft:mossy_cobblestone":1,"minecraft:cobblestone":18,"minecraft:cyan_terracotta":1,"minecraft:torch":17,"tombstone:grave_dust":4,"minecraft:string":1,"minecraft:stone_axe":1,"minecraft:smooth_stone_slab":1,"tombstone:gift":2,"minecraft:rotten_flesh":30,"minecraft:flower_pot":1,"minecraft:spider_eye":1},"minecraft:killed_by":{"minecraft:player":1,"undead_revamp2:the_moonflower":1,"endermanoverhaul:cave_enderman":1,"minecraft:skeleton":2,"enemyexpansion:botfly":1,"minecraft:zombie":3},"minecraft:used":{"quark:shale":3,"minecraft:spruce_planks":8,"minecraft:stone":17,"minecraft:iron_sword":204,"minecraft:torch":3,"minecraft:dirt":19,"minecraft:spruce_stairs":1,"minecraft:carrot":1,"minecraft:granite":1,"ad_astra:tier_1_rover":1,"born_in_chaos_v1:supreme_measure":4,"born_in_chaos_v1:corpse_maggot":3,"minecraft:cyan_terracotta":2,"luminousworld:blueberry":6,"alexscaves:submarine":1,"luminousworld:frost_golem_plaque":1,"minecraft:golden_carrot":2,"minecraft:sweet_berries":8,"minecraft:furnace":3,"minecraft:cooked_beef":8,"quark:permafrost":1,"minecraft:cobbled_deepslate":4,"minecraft:cooked_mutton":2,"minecraft:cobblestone_stairs":1,"minecraft:stone_pickaxe":189,"minecraft:oak_planks":16,"minecraft:ender_pearl":1,"minecraft:wooden_pickaxe":3,"minecraft:white_wool":1,"minecraft:crafting_table":6,"minecraft:spruce_log":1,"minecraft:oak_log":2,"sophisticatedbackpacks:backpack":1,"minecraft:gray_candle":4,"minecraft:stone_axe":121,"minecraft:wooden_sword":10,"minecraft:cobblestone":24,"minecraft:dark_oak_fence":2},"minecraft:custom":{"minecraft:mob_kills":85,"minecraft:interact_with_crafting_table":18,"minecraft:open_barrel":14,"minecraft:damage_dealt_resisted":65,"minecraft:leave_game":5,"minecraft:time_since_death":1253,"minecraft:climb_one_cm":1511,"minecraft:sprint_one_cm":292346,"minecraft:walk_one_cm":248666,"minecraft:drop":20,"minecraft:talked_to_villager":2,"minecraft:play_time":176833,"minecraft:deaths":12,"minecraft:sneak_time":7545,"minecraft:walk_under_water_one_cm":28591,"minecraft:jump":1202,"minecraft:interact_with_brewingstand":1,"minecraft:walk_on_water_one_cm":41373,"minecraft:total_world_time":176833,"minecraft:interact_with_furnace":15,"minecraft:time_since_rest":1052,"minecraft:damage_taken":3864,"minecraft:trigger_trapped_chest":1,"minecraft:damage_dealt":17827,"minecraft:swim_one_cm":11637,"minecraft:fly_one_cm":599366,"minecraft:open_chest":30,"minecraft:crouch_one_cm":15397,"tombstone:undead_killed":48,"minecraft:fall_one_cm":26898}},"DataVersion":3465}