{"stats":{"minecraft:custom":{"minecraft:interact_with_furnace":5,"minecraft:mob_kills":11,"minecraft:interact_with_crafting_table":8,"minecraft:open_barrel":10,"minecraft:time_since_death":16823,"minecraft:leave_game":2,"minecraft:climb_one_cm":155,"minecraft:time_since_rest":15176,"minecraft:sprint_one_cm":79741,"minecraft:damage_taken":435,"minecraft:walk_one_cm":67286,"minecraft:trigger_trapped_chest":1,"minecraft:drop":1,"minecraft:damage_dealt":5266,"minecraft:swim_one_cm":3486,"minecraft:talked_to_villager":1,"minecraft:fly_one_cm":504962,"minecraft:open_chest":18,"minecraft:crouch_one_cm":1112,"minecraft:play_time":77646,"tombstone:undead_killed":6,"minecraft:deaths":3,"minecraft:sneak_time":1968,"minecraft:walk_under_water_one_cm":20884,"minecraft:jump":452,"minecraft:walk_on_water_one_cm":2401,"minecraft:total_world_time":77646,"minecraft:fall_one_cm":10058},"minecraft:picked_up":{"minecraft:iron_chestplate":1,"minecraft:crafting_table":3,"minecraft:leather":1,"minecraft:brown_mushroom":1,"luminousworld:frost_golem_plaque":1,"minecraft:string":1,"minecraft:dirt":7,"minecraft:raw_copper":4,"minecraft:iron_shovel":1,"minecraft:bone":3,"minecraft:beef":1,"quark:permafrost":1,"minecraft:furnace":1,"minecraft:copper_ingot":2,"minecraft:spruce_log":7,"minecraft:carrot":1,"minecraft:bundle":1,"minecraft:arrow":2,"minecraft:rotten_flesh":1,"tombstone:magic_scroll":1,"minecraft:coal":10,"undead_revamp2:arapholia":2,"minecraft:skeleton_skull":1,"minecraft:white_wool":2,"minecraft:cobblestone":36},"minecraft:used":{"minecraft:stone_pickaxe":47,"minecraft:ender_pearl":1,"minecraft:wooden_pickaxe":3,"minecraft:stone":17,"minecraft:dirt":7,"minecraft:crafting_table":4,"minecraft:spruce_log":1,"ad_astra:tier_1_rover":1,"born_in_chaos_v1:supreme_measure":4,"alexscaves:submarine":1,"minecraft:stone_axe":24,"luminousworld:frost_golem_plaque":1,"minecraft:cobblestone":21,"minecraft:furnace":1,"minecraft:dark_oak_fence":2,"quark:permafrost":1,"minecraft:cooked_beef":1},"minecraft:dropped":{"minecraft:string":1},"minecraft:killed":{"luminousworld:frost_golem":1,"minecraft:rabbit":1,"enemyexpansion:sprinter":1,"earthmobsmod:cream_cow":1,"enemyexpansion:direwolf":1,"born_in_chaos_v1:decrepit_skeleton":1,"creeperoverhaul:snowy_creeper":1,"minecraft:skeleton":1,"minecraft:zombie":2,"iceandfire:ghost":1},"minecraft:killed_by":{"undead_revamp2:the_moonflower":1},"minecraft:mined":{"minecraft:powder_snow":42,"minecraft:crafting_table":3,"minecraft:grass_block":1,"minecraft:copper_ore":1,"minecraft:spruce_leaves":8,"minecraft:furnace":1,"minecraft:spruce_log":7,"minecraft:grass":3,"minecraft:coal_ore":10,"minecraft:dirt":6,"minecraft:packed_ice":1,"quark:permafrost":1,"minecraft:stone":37},"minecraft:crafted":{"minecraft:cooked_beef":1,"minecraft:crafting_table":1,"minecraft:spruce_planks":24,"minecraft:wooden_pickaxe":1,"minecraft:furnace":1,"minecraft:stone_axe":1,"minecraft:air":0,"tombstone:grave_key":1,"minecraft:stick":8,"minecraft:stone_pickaxe":1}},"DataVersion":3465}