{"stats":{"minecraft:mined":{"minecraft:spruce_planks":6,"iceandfire:silver_ore":1,"quark:shale":5,"minecraft:cobblestone_stairs":1,"minecraft:brown_carpet":1,"minecraft:powder_snow":42,"minecraft:crafting_table":4,"minecraft:potted_dead_bush":1,"minecraft:granite":1,"minecraft:grass_block":4,"minecraft:chest":1,"minecraft:copper_ore":1,"minecraft:cobblestone":4,"minecraft:spruce_leaves":9,"minecraft:spruce_stairs":1,"minecraft:furnace":3,"minecraft:spruce_log":7,"minecraft:oak_log":30,"minecraft:grass":4,"minecraft:coal_ore":26,"minecraft:deepslate_iron_ore":1,"minecraft:iron_bars":2,"minecraft:dirt":9,"minecraft:packed_ice":1,"minecraft:cobweb":9,"quark:permafrost":1,"minecraft:stone":54,"sophisticatedbackpacks:backpack":1,"minecraft:oak_leaves":3,"minecraft:spruce_slab":1,"minecraft:deepslate":4},"minecraft:picked_up":{"born_in_chaos_v1:corpse_maggot":2,"minecraft:crafting_table":4,"minecraft:iron_chestplate":1,"minecraft:flower_pot":1,"minecraft:brown_wool":3,"minecraft:leather":3,"minecraft:brown_mushroom":1,"luminousworld:frost_golem_plaque":1,"minecraft:oak_log":30,"minecraft:cobblestone_stairs":1,"minecraft:dirt":13,"minecraft:string":10,"minecraft:raw_copper":4,"minecraft:iron_shovel":1,"minecraft:bone":3,"minecraft:cobbled_deepslate":4,"minecraft:spruce_planks":6,"quark:permafrost":1,"minecraft:beef":8,"minecraft:spruce_slab":1,"minecraft:chest":1,"minecraft:furnace":3,"minecraft:raw_iron":1,"quark:shale":5,"minecraft:copper_ingot":2,"minecraft:spruce_stairs":1,"sophisticatedbackpacks:backpack":1,"minecraft:porkchop":2,"minecraft:carrot":1,"minecraft:dead_bush":1,"minecraft:spruce_log":7,"minecraft:brown_carpet":1,"minecraft:bundle":1,"minecraft:arrow":2,"minecraft:rotten_flesh":2,"minecraft:stone_axe":1,"luminousworld:blueberry":6,"minecraft:granite":1,"minecraft:painting":2,"tombstone:magic_scroll":1,"minecraft:white_wool":3,"undead_revamp2:arapholia":2,"minecraft:mutton":2,"minecraft:iron_bars":2,"minecraft:coal":24,"minecraft:skeleton_skull":1,"iceandfire:raw_silver":1,"minecraft:cobblestone":57},"minecraft:crafted":{"minecraft:cooked_beef":8,"minecraft:wooden_sword":1,"sophisticatedbackpacks:backpack":1,"minecraft:cooked_porkchop":2,"minecraft:crafting_table":1,"minecraft:spruce_planks":24,"minecraft:wooden_pickaxe":1,"minecraft:furnace":1,"minecraft:stone_axe":1,"minecraft:cooked_mutton":2,"minecraft:air":0,"tombstone:grave_key":1,"minecraft:stick":8,"minecraft:stone_pickaxe":1},"minecraft:killed":{"minecraft:pig":1,"luminousworld:frost_golem":1,"born_in_chaos_v1:swarmer":1,"minecraft:rabbit":1,"enemyexpansion:sprinter":1,"earthmobsmod:cream_cow":1,"enemyexpansion:direwolf":1,"earthmobsmod:wooly_cow":3,"born_in_chaos_v1:decrepit_skeleton":1,"creeperoverhaul:snowy_creeper":1,"minecraft:sheep":1,"minecraft:skeleton":1,"minecraft:zombie":3,"iceandfire:ghost":1,"born_in_chaos_v1:corpse_fly":2},"minecraft:dropped":{"minecraft:stone_axe":1,"minecraft:string":1},"minecraft:killed_by":{"undead_revamp2:the_moonflower":1},"minecraft:used":{"minecraft:cobblestone_stairs":1,"minecraft:stone_pickaxe":102,"quark:shale":3,"minecraft:ender_pearl":1,"minecraft:spruce_planks":8,"minecraft:wooden_pickaxe":3,"minecraft:stone":17,"minecraft:dirt":7,"minecraft:crafting_table":5,"minecraft:spruce_stairs":1,"minecraft:granite":1,"minecraft:spruce_log":1,"ad_astra:tier_1_rover":1,"born_in_chaos_v1:supreme_measure":4,"sophisticatedbackpacks:backpack":1,"luminousworld:blueberry":6,"alexscaves:submarine":1,"minecraft:stone_axe":88,"luminousworld:frost_golem_plaque":1,"minecraft:wooden_sword":10,"minecraft:cobblestone":24,"minecraft:golden_carrot":2,"minecraft:sweet_berries":8,"minecraft:furnace":3,"minecraft:dark_oak_fence":2,"minecraft:cooked_beef":2,"quark:permafrost":1,"minecraft:cobbled_deepslate":4},"minecraft:custom":{"minecraft:interact_with_furnace":15,"minecraft:mob_kills":21,"minecraft:interact_with_crafting_table":13,"minecraft:open_barrel":14,"minecraft:leave_game":4,"minecraft:time_since_death":23114,"minecraft:climb_one_cm":1511,"minecraft:time_since_rest":22653,"minecraft:sprint_one_cm":166698,"minecraft:damage_taken":1035,"minecraft:walk_one_cm":121926,"minecraft:trigger_trapped_chest":1,"minecraft:drop":2,"minecraft:damage_dealt":6728,"minecraft:swim_one_cm":11637,"minecraft:talked_to_villager":2,"minecraft:fly_one_cm":575897,"minecraft:open_chest":21,"minecraft:crouch_one_cm":7542,"minecraft:play_time":129902,"tombstone:undead_killed":8,"minecraft:deaths":4,"minecraft:sneak_time":4526,"minecraft:walk_under_water_one_cm":24829,"minecraft:interact_with_brewingstand":1,"minecraft:jump":925,"minecraft:walk_on_water_one_cm":9134,"minecraft:fall_one_cm":23201,"minecraft:total_world_time":129902}},"DataVersion":3465}