{"stats":{"minecraft:picked_up":{"minecraft:iron_chestplate":1,"minecraft:copper_ingot":2,"minecraft:brown_mushroom":1,"luminousworld:frost_golem_plaque":1,"minecraft:string":1,"minecraft:skeleton_skull":1,"minecraft:white_wool":2},"minecraft:custom":{"minecraft:time_since_rest":3295,"minecraft:open_chest":18,"minecraft:play_time":41646,"minecraft:crouch_one_cm":353,"minecraft:interact_with_furnace":2,"minecraft:sprint_one_cm":21350,"tombstone:undead_killed":1,"minecraft:deaths":2,"minecraft:walk_one_cm":13595,"minecraft:sneak_time":1539,"minecraft:trigger_trapped_chest":1,"minecraft:walk_under_water_one_cm":20884,"minecraft:mob_kills":5,"minecraft:drop":1,"minecraft:jump":35,"minecraft:damage_dealt":4241,"minecraft:leave_game":2,"minecraft:time_since_death":5694,"minecraft:walk_on_water_one_cm":2401,"minecraft:climb_one_cm":155,"minecraft:total_world_time":41646,"minecraft:interact_with_crafting_table":1,"minecraft:swim_one_cm":3486,"minecraft:talked_to_villager":1,"minecraft:fly_one_cm":446535,"minecraft:open_barrel":10},"minecraft:used":{"born_in_chaos_v1:supreme_measure":4,"luminousworld:frost_golem_plaque":1,"minecraft:crafting_table":1,"minecraft:dark_oak_fence":2,"alexscaves:submarine":1,"minecraft:ender_pearl":1,"minecraft:stone":17,"ad_astra:tier_1_rover":1},"minecraft:dropped":{"minecraft:string":1},"minecraft:killed":{"creeperoverhaul:snowy_creeper":1,"minecraft:rabbit":1,"iceandfire:ghost":1,"enemyexpansion:direwolf":1,"luminousworld:frost_golem":1},"minecraft:crafted":{"tombstone:grave_key":1}},"DataVersion":3465}