{"stats":{"minecraft:custom":{"minecraft:interact_with_furnace":6,"minecraft:mob_kills":13,"minecraft:interact_with_crafting_table":13,"minecraft:open_barrel":14,"minecraft:time_since_death":28823,"minecraft:leave_game":2,"minecraft:climb_one_cm":985,"minecraft:time_since_rest":27176,"minecraft:sprint_one_cm":109225,"minecraft:damage_taken":630,"minecraft:walk_one_cm":85395,"minecraft:trigger_trapped_chest":1,"minecraft:drop":2,"minecraft:damage_dealt":5558,"minecraft:swim_one_cm":4604,"minecraft:talked_to_villager":2,"minecraft:fly_one_cm":511348,"minecraft:open_chest":20,"minecraft:crouch_one_cm":4526,"minecraft:play_time":89646,"tombstone:undead_killed":6,"minecraft:deaths":3,"minecraft:sneak_time":3100,"minecraft:walk_under_water_one_cm":21524,"minecraft:interact_with_brewingstand":1,"minecraft:jump":533,"minecraft:walk_on_water_one_cm":3088,"minecraft:total_world_time":89646,"minecraft:fall_one_cm":14228},"minecraft:picked_up":{"minecraft:iron_chestplate":1,"minecraft:crafting_table":4,"minecraft:flower_pot":1,"minecraft:leather":1,"minecraft:brown_mushroom":1,"luminousworld:frost_golem_plaque":1,"minecraft:cobblestone_stairs":1,"minecraft:string":10,"minecraft:dirt":8,"minecraft:raw_copper":4,"minecraft:iron_shovel":1,"minecraft:bone":3,"minecraft:cobbled_deepslate":4,"minecraft:spruce_planks":5,"minecraft:beef":1,"quark:permafrost":1,"minecraft:spruce_slab":1,"minecraft:chest":1,"minecraft:furnace":1,"minecraft:raw_iron":1,"minecraft:copper_ingot":2,"sophisticatedbackpacks:backpack":1,"minecraft:dead_bush":1,"minecraft:spruce_log":7,"minecraft:carrot":1,"minecraft:brown_carpet":1,"minecraft:bundle":1,"minecraft:arrow":2,"minecraft:rotten_flesh":1,"minecraft:stone_axe":1,"minecraft:painting":2,"tombstone:magic_scroll":1,"minecraft:mutton":2,"iceandfire:raw_silver":1,"minecraft:iron_bars":2,"minecraft:coal":10,"undead_revamp2:arapholia":2,"minecraft:skeleton_skull":1,"minecraft:white_wool":3,"minecraft:cobblestone":38},"minecraft:used":{"minecraft:stone_pickaxe":58,"minecraft:ender_pearl":1,"minecraft:spruce_planks":7,"minecraft:wooden_pickaxe":3,"minecraft:stone":17,"minecraft:dirt":7,"minecraft:crafting_table":5,"minecraft:spruce_log":1,"ad_astra:tier_1_rover":1,"born_in_chaos_v1:supreme_measure":4,"sophisticatedbackpacks:backpack":1,"alexscaves:submarine":1,"minecraft:stone_axe":38,"minecraft:wooden_sword":10,"luminousworld:frost_golem_plaque":1,"minecraft:golden_carrot":2,"minecraft:cobblestone":21,"minecraft:sweet_berries":8,"minecraft:furnace":1,"minecraft:dark_oak_fence":2,"quark:permafrost":1,"minecraft:cooked_beef":1},"minecraft:killed":{"luminousworld:frost_golem":1,"minecraft:rabbit":1,"enemyexpansion:sprinter":1,"earthmobsmod:cream_cow":1,"enemyexpansion:direwolf":1,"born_in_chaos_v1:decrepit_skeleton":1,"creeperoverhaul:snowy_creeper":1,"minecraft:sheep":1,"minecraft:skeleton":1,"minecraft:zombie":2,"iceandfire:ghost":1},"minecraft:dropped":{"minecraft:stone_axe":1,"minecraft:string":1},"minecraft:killed_by":{"undead_revamp2:the_moonflower":1},"minecraft:mined":{"minecraft:spruce_planks":5,"iceandfire:silver_ore":1,"minecraft:cobblestone_stairs":1,"minecraft:brown_carpet":1,"minecraft:powder_snow":42,"minecraft:crafting_table":4,"minecraft:potted_dead_bush":1,"minecraft:grass_block":2,"minecraft:chest":1,"minecraft:copper_ore":1,"minecraft:cobblestone":1,"minecraft:spruce_leaves":8,"minecraft:furnace":1,"minecraft:spruce_log":7,"minecraft:grass":3,"minecraft:deepslate_iron_ore":1,"minecraft:coal_ore":10,"minecraft:iron_bars":2,"minecraft:dirt":6,"minecraft:cobweb":9,"minecraft:packed_ice":1,"quark:permafrost":1,"minecraft:deepslate":4,"minecraft:stone":38,"sophisticatedbackpacks:backpack":1,"minecraft:oak_leaves":1,"minecraft:spruce_slab":1},"minecraft:crafted":{"minecraft:cooked_beef":1,"minecraft:wooden_sword":1,"sophisticatedbackpacks:backpack":1,"minecraft:crafting_table":1,"minecraft:spruce_planks":24,"minecraft:wooden_pickaxe":1,"minecraft:furnace":1,"minecraft:stone_axe":1,"minecraft:air":0,"tombstone:grave_key":1,"minecraft:stick":8,"minecraft:stone_pickaxe":1}},"DataVersion":3465}