{"stats":{"minecraft:mined":{"minecraft:spruce_planks":6,"iceandfire:silver_ore":1,"minecraft:mossy_cobblestone":1,"quark:shale":5,"minecraft:cobblestone_stairs":1,"minecraft:brown_carpet":1,"minecraft:powder_snow":42,"minecraft:crafting_table":4,"minecraft:potted_dead_bush":1,"minecraft:granite":1,"minecraft:grass_block":5,"minecraft:chest":1,"minecraft:copper_ore":1,"minecraft:cobblestone":5,"minecraft:spruce_leaves":9,"minecraft:spruce_stairs":1,"minecraft:coarse_dirt":1,"minecraft:furnace":3,"minecraft:spruce_log":7,"minecraft:oak_log":30,"minecraft:grass":4,"minecraft:coal_ore":30,"minecraft:deepslate_iron_ore":1,"minecraft:iron_bars":2,"minecraft:dirt":10,"minecraft:packed_ice":1,"minecraft:cobweb":9,"minecraft:polished_andesite":1,"quark:permafrost":1,"minecraft:stone":71,"sophisticatedbackpacks:backpack":1,"minecraft:oak_leaves":3,"minecraft:spruce_slab":1,"minecraft:deepslate":4},"minecraft:picked_up":{"minecraft:coarse_dirt":1,"born_in_chaos_v1:corpse_maggot":3,"minecraft:crafting_table":4,"minecraft:iron_chestplate":1,"minecraft:flower_pot":1,"minecraft:brown_wool":3,"minecraft:leather":3,"minecraft:brown_mushroom":1,"luminousworld:frost_golem_plaque":1,"minecraft:oak_log":40,"minecraft:cobblestone_stairs":1,"minecraft:dirt":15,"minecraft:string":10,"minecraft:raw_copper":4,"minecraft:iron_shovel":1,"minecraft:bone":3,"minecraft:cobbled_deepslate":4,"minecraft:iron_ingot":1,"minecraft:spruce_planks":6,"quark:permafrost":1,"minecraft:beef":8,"minecraft:spruce_slab":1,"minecraft:gray_candle":4,"minecraft:chest":1,"minecraft:furnace":3,"minecraft:stick":1,"minecraft:raw_iron":1,"quark:shale":5,"minecraft:copper_ingot":2,"minecraft:spruce_stairs":1,"sophisticatedbackpacks:backpack":1,"minecraft:porkchop":2,"tombstone:grave_dust":3,"minecraft:carrot":2,"minecraft:dead_bush":1,"minecraft:spruce_log":7,"minecraft:polished_andesite":1,"minecraft:iron_hoe":1,"minecraft:brown_carpet":1,"minecraft:bundle":2,"minecraft:arrow":2,"minecraft:rotten_flesh":10,"minecraft:stone_axe":1,"luminousworld:blueberry":6,"minecraft:granite":1,"minecraft:painting":2,"tombstone:magic_scroll":1,"minecraft:white_wool":3,"undead_revamp2:arapholia":2,"minecraft:mutton":2,"minecraft:iron_bars":2,"minecraft:coal":30,"minecraft:skeleton_skull":1,"iceandfire:raw_silver":1,"minecraft:cobblestone":74},"minecraft:crafted":{"minecraft:cooked_beef":8,"minecraft:wooden_sword":1,"minecraft:oak_planks":8,"sophisticatedbackpacks:backpack":1,"minecraft:cooked_porkchop":2,"minecraft:crafting_table":1,"minecraft:spruce_planks":24,"minecraft:wooden_pickaxe":1,"minecraft:furnace":1,"minecraft:stone_axe":2,"minecraft:cooked_mutton":2,"minecraft:air":0,"tombstone:grave_key":1,"minecraft:stick":24,"minecraft:stone_pickaxe":2,"minecraft:torch":8},"minecraft:killed":{"minecraft:pig":1,"luminousworld:frost_golem":1,"born_in_chaos_v1:swarmer":1,"minecraft:rabbit":1,"enemyexpansion:sprinter":1,"earthmobsmod:cream_cow":1,"enemyexpansion:direwolf":2,"earthmobsmod:wooly_cow":3,"born_in_chaos_v1:decrepit_skeleton":2,"born_in_chaos_v1:maggot":1,"creeperoverhaul:snowy_creeper":1,"minecraft:sheep":1,"minecraft:skeleton":1,"minecraft:zombie":16,"iceandfire:ghost":1,"born_in_chaos_v1:corpse_fly":2,"enemyexpansion:botfly":7},"minecraft:broken":{"minecraft:stone_axe":1},"minecraft:dropped":{"minecraft:stone_axe":1,"minecraft:oak_log":20,"minecraft:cobblestone":18,"minecraft:torch":5,"minecraft:string":1},"minecraft:killed_by":{"undead_revamp2:the_moonflower":1},"minecraft:used":{"minecraft:cooked_mutton":2,"minecraft:cobblestone_stairs":1,"minecraft:stone_pickaxe":128,"quark:shale":3,"minecraft:ender_pearl":1,"minecraft:spruce_planks":8,"minecraft:wooden_pickaxe":3,"minecraft:stone":17,"minecraft:iron_sword":66,"minecraft:torch":3,"minecraft:dirt":15,"minecraft:crafting_table":5,"minecraft:spruce_stairs":1,"minecraft:granite":1,"minecraft:spruce_log":1,"ad_astra:tier_1_rover":1,"minecraft:oak_log":2,"born_in_chaos_v1:supreme_measure":4,"sophisticatedbackpacks:backpack":1,"luminousworld:blueberry":6,"alexscaves:submarine":1,"minecraft:stone_axe":111,"luminousworld:frost_golem_plaque":1,"minecraft:wooden_sword":10,"minecraft:cobblestone":24,"minecraft:golden_carrot":2,"minecraft:sweet_berries":8,"minecraft:furnace":3,"minecraft:dark_oak_fence":2,"minecraft:cooked_beef":4,"quark:permafrost":1,"minecraft:cobbled_deepslate":4},"minecraft:custom":{"minecraft:interact_with_furnace":15,"minecraft:mob_kills":44,"minecraft:interact_with_crafting_table":15,"minecraft:open_barrel":14,"minecraft:damage_dealt_resisted":10,"minecraft:leave_game":4,"minecraft:time_since_death":35114,"minecraft:climb_one_cm":1511,"minecraft:time_since_rest":34653,"minecraft:sprint_one_cm":196630,"minecraft:damage_taken":1545,"minecraft:walk_one_cm":165337,"minecraft:trigger_trapped_chest":1,"minecraft:drop":7,"minecraft:damage_dealt":11187,"minecraft:swim_one_cm":11637,"minecraft:talked_to_villager":2,"minecraft:fly_one_cm":589869,"minecraft:open_chest":23,"minecraft:crouch_one_cm":9811,"minecraft:play_time":141902,"tombstone:undead_killed":22,"minecraft:deaths":4,"minecraft:sneak_time":5127,"minecraft:walk_under_water_one_cm":26960,"minecraft:interact_with_brewingstand":1,"minecraft:jump":1033,"minecraft:walk_on_water_one_cm":30967,"minecraft:fall_one_cm":24726,"minecraft:total_world_time":141902}},"DataVersion":3465}