{"stats":{"minecraft:custom":{"minecraft:interact_with_furnace":10,"minecraft:mob_kills":18,"minecraft:interact_with_crafting_table":13,"minecraft:open_barrel":14,"minecraft:time_since_death":37334,"minecraft:leave_game":3,"minecraft:climb_one_cm":985,"minecraft:time_since_rest":35687,"minecraft:sprint_one_cm":143148,"minecraft:damage_taken":905,"minecraft:walk_one_cm":102732,"minecraft:trigger_trapped_chest":1,"minecraft:drop":2,"minecraft:damage_dealt":6128,"minecraft:swim_one_cm":10629,"minecraft:talked_to_villager":2,"minecraft:fly_one_cm":556768,"minecraft:open_chest":21,"minecraft:crouch_one_cm":5321,"minecraft:play_time":98157,"tombstone:undead_killed":7,"minecraft:deaths":3,"minecraft:sneak_time":3242,"minecraft:walk_under_water_one_cm":22741,"minecraft:interact_with_brewingstand":1,"minecraft:jump":807,"minecraft:walk_on_water_one_cm":8512,"minecraft:total_world_time":98157,"minecraft:fall_one_cm":21260},"minecraft:picked_up":{"minecraft:iron_chestplate":1,"minecraft:crafting_table":4,"minecraft:flower_pot":1,"minecraft:brown_wool":3,"minecraft:leather":3,"minecraft:brown_mushroom":1,"luminousworld:frost_golem_plaque":1,"minecraft:cobblestone_stairs":1,"minecraft:string":10,"minecraft:dirt":9,"minecraft:raw_copper":4,"minecraft:iron_shovel":1,"minecraft:bone":3,"minecraft:cobbled_deepslate":4,"minecraft:spruce_planks":5,"minecraft:beef":8,"quark:permafrost":1,"minecraft:spruce_slab":1,"minecraft:chest":1,"minecraft:furnace":2,"minecraft:raw_iron":1,"minecraft:copper_ingot":2,"sophisticatedbackpacks:backpack":1,"minecraft:porkchop":2,"minecraft:dead_bush":1,"minecraft:spruce_log":7,"minecraft:carrot":1,"minecraft:brown_carpet":1,"minecraft:bundle":1,"minecraft:arrow":2,"minecraft:rotten_flesh":2,"minecraft:stone_axe":1,"luminousworld:blueberry":6,"minecraft:granite":1,"minecraft:painting":2,"tombstone:magic_scroll":1,"minecraft:mutton":2,"iceandfire:raw_silver":1,"minecraft:iron_bars":2,"minecraft:coal":10,"undead_revamp2:arapholia":2,"minecraft:skeleton_skull":1,"minecraft:white_wool":3,"minecraft:cobblestone":42},"minecraft:used":{"minecraft:cobblestone_stairs":1,"minecraft:stone_pickaxe":64,"minecraft:ender_pearl":1,"minecraft:spruce_planks":7,"minecraft:wooden_pickaxe":3,"minecraft:stone":17,"minecraft:dirt":7,"minecraft:crafting_table":5,"minecraft:granite":1,"minecraft:spruce_log":1,"ad_astra:tier_1_rover":1,"born_in_chaos_v1:supreme_measure":4,"sophisticatedbackpacks:backpack":1,"luminousworld:blueberry":6,"alexscaves:submarine":1,"minecraft:stone_axe":46,"minecraft:wooden_sword":10,"luminousworld:frost_golem_plaque":1,"minecraft:golden_carrot":2,"minecraft:cobblestone":21,"minecraft:sweet_berries":8,"minecraft:furnace":2,"minecraft:dark_oak_fence":2,"minecraft:cobbled_deepslate":4,"quark:permafrost":1,"minecraft:cooked_beef":2},"minecraft:killed":{"minecraft:pig":1,"luminousworld:frost_golem":1,"minecraft:rabbit":1,"enemyexpansion:sprinter":1,"earthmobsmod:cream_cow":1,"enemyexpansion:direwolf":1,"earthmobsmod:wooly_cow":3,"born_in_chaos_v1:decrepit_skeleton":1,"creeperoverhaul:snowy_creeper":1,"minecraft:sheep":1,"minecraft:skeleton":1,"minecraft:zombie":3,"iceandfire:ghost":1},"minecraft:dropped":{"minecraft:stone_axe":1,"minecraft:string":1},"minecraft:killed_by":{"undead_revamp2:the_moonflower":1},"minecraft:mined":{"minecraft:spruce_planks":5,"iceandfire:silver_ore":1,"minecraft:cobblestone_stairs":1,"minecraft:brown_carpet":1,"minecraft:powder_snow":42,"minecraft:crafting_table":4,"minecraft:granite":1,"minecraft:potted_dead_bush":1,"minecraft:grass_block":3,"minecraft:chest":1,"minecraft:copper_ore":1,"minecraft:cobblestone":1,"minecraft:spruce_leaves":9,"minecraft:furnace":2,"minecraft:spruce_log":7,"minecraft:grass":3,"minecraft:deepslate_iron_ore":1,"minecraft:coal_ore":10,"minecraft:iron_bars":2,"minecraft:dirt":6,"minecraft:cobweb":9,"minecraft:packed_ice":1,"quark:permafrost":1,"minecraft:deepslate":4,"minecraft:stone":42,"sophisticatedbackpacks:backpack":1,"minecraft:oak_leaves":1,"minecraft:spruce_slab":1},"minecraft:crafted":{"minecraft:cooked_beef":8,"minecraft:wooden_sword":1,"sophisticatedbackpacks:backpack":1,"minecraft:crafting_table":1,"minecraft:spruce_planks":24,"minecraft:wooden_pickaxe":1,"minecraft:furnace":1,"minecraft:stone_axe":1,"minecraft:air":0,"tombstone:grave_key":1,"minecraft:stick":8,"minecraft:stone_pickaxe":1}},"DataVersion":3465}