{"stats":{"minecraft:mined":{"minecraft:spruce_planks":6,"iceandfire:silver_ore":4,"minecraft:mossy_cobblestone":2,"minecraft:deepslate_diamond_ore":4,"quark:shale":5,"minecraft:cobblestone_stairs":1,"born_in_chaos_v1:infected_diamond_ore":1,"minecraft:potted_dead_bush":1,"minecraft:granite":1,"minecraft:grass_block":5,"born_in_chaos_v1:black_argillite":1,"iceandfire:dread_spawner":6,"minecraft:spruce_leaves":9,"minecraft:spawner":6,"minecraft:furnace":5,"minecraft:cobbled_deepslate":1,"minecraft:iron_ore":37,"minecraft:andesite":5,"minecraft:brown_bed":2,"minecraft:deepslate_iron_ore":18,"minecraft:iron_bars":2,"minecraft:packed_ice":1,"quark:permafrost":1,"minecraft:stone":89,"sophisticatedbackpacks:backpack":1,"minecraft:spruce_slab":1,"minecraft:deepslate_redstone_ore":2,"minecraft:potted_brown_mushroom":1,"minecraft:cyan_terracotta":2,"minecraft:brown_carpet":1,"minecraft:dandelion":1,"minecraft:powder_snow":42,"minecraft:crafting_table":6,"minecraft:calcite":4,"minecraft:poppy":2,"minecraft:polished_andesite_stairs":1,"minecraft:chest":1,"minecraft:tall_grass":2,"minecraft:copper_ore":1,"minecraft:cobblestone":12,"minecraft:lapis_ore":2,"minecraft:oak_planks":20,"supplementaries:urn":2,"minecraft:skeleton_skull":1,"minecraft:spruce_stairs":1,"minecraft:coarse_dirt":2,"minecraft:gray_bed":1,"minecraft:spruce_log":7,"minecraft:black_bed":3,"minecraft:tnt":3,"minecraft:smooth_stone_slab":3,"iceandfire:dread_stone_bricks_mossy":2,"minecraft:grass":4,"minecraft:oak_log":30,"minecraft:coal_ore":31,"luminousworld:ishstone":1,"minecraft:zombie_head":1,"minecraft:dripstone_block":1,"minecraft:dirt":14,"minecraft:cobweb":10,"minecraft:polished_andesite":1,"minecraft:gold_ore":5,"iceandfire:dread_stone_bricks":2,"minecraft:oak_leaves":3,"minecraft:deepslate":17},"minecraft:crafted":{"minecraft:wooden_sword":1,"minecraft:oak_planks":72,"minecraft:furnace":1,"minecraft:cooked_mutton":2,"minecraft:iron_boots":1,"tombstone:grave_key":1,"minecraft:stone_pickaxe":2,"sophisticatedbackpacks:iron_backpack":1,"minecraft:cooked_beef":8,"sophisticatedbackpacks:backpack":1,"minecraft:cooked_porkchop":5,"minecraft:crafting_table":1,"minecraft:spruce_planks":24,"minecraft:wooden_pickaxe":1,"minecraft:iron_helmet":1,"minecraft:stone_axe":2,"minecraft:air":0,"minecraft:iron_chestplate":1,"minecraft:shield":1,"minecraft:stick":24,"minecraft:iron_pickaxe":1,"minecraft:iron_ingot":52,"minecraft:iron_leggings":1,"minecraft:torch":16},"minecraft:picked_up":{"iceandfire:dread_stone_bricks":2,"born_in_chaos_v1:diamond_termite_shard":1,"minecraft:crafting_table":6,"minecraft:iron_chestplate":1,"minecraft:coarse_dirt":2,"minecraft:flower_pot":2,"minecraft:brown_mushroom":3,"minecraft:brown_bed":2,"born_in_chaos_v1:black_argillite":1,"minecraft:string":14,"minecraft:raw_copper":4,"minecraft:smooth_stone_slab":2,"minecraft:experience_bottle":1,"minecraft:iron_shovel":1,"minecraft:zombie_head":1,"minecraft:cobbled_deepslate":17,"minecraft:spruce_planks":6,"minecraft:beef":17,"quark:permafrost":1,"iceandfire:dread_shard":8,"minecraft:calcite":8,"minecraft:poppy":2,"minecraft:spruce_slab":1,"minecraft:chest":1,"minecraft:furnace":5,"minecraft:stick":1,"minecraft:raw_iron":58,"minecraft:stone":1,"minecraft:copper_ingot":2,"born_in_chaos_v1:phantom_powder":2,"minecraft:spruce_stairs":1,"sophisticatedbackpacks:backpack":1,"minecraft:porkchop":5,"minecraft:pointed_dripstone":8,"minecraft:cookie":5,"tombstone:grave_dust":10,"born_in_chaos_v1:pieceofdarkmetal":1,"minecraft:carrot":2,"minecraft:redstone":10,"minecraft:brown_carpet":1,"minecraft:tnt":3,"minecraft:arrow":6,"minecraft:rotten_flesh":37,"minecraft:cyan_terracotta":3,"supplementaries:ash":2,"minecraft:mutton":2,"minecraft:iron_bars":2,"undead_revamp2:arapholia":2,"minecraft:skeleton_skull":2,"minecraft:white_wool":5,"minecraft:cobblestone":97,"born_in_chaos_v1:corpse_maggot":3,"minecraft:cooked_beef":9,"minecraft:black_bed":2,"minecraft:andesite":10,"luminousworld:ishstone":1,"minecraft:brown_wool":3,"minecraft:leather":9,"luminousworld:frost_golem_plaque":1,"minecraft:oak_log":40,"supplementaries:flax_seeds":3,"minecraft:cobblestone_stairs":1,"minecraft:lapis_lazuli":15,"minecraft:dirt":19,"minecraft:cooked_mutton":1,"minecraft:bone":30,"minecraft:raw_gold":5,"minecraft:iron_ingot":1,"tombstone:bag_of_seeds":2,"minecraft:gray_bed":1,"minecraft:gray_candle":4,"minecraft:iron_sword":2,"minecraft:oak_planks":19,"minecraft:polished_andesite_stairs":1,"quark:shale":5,"minecraft:dandelion":1,"minecraft:dripstone_block":1,"minecraft:dead_bush":1,"minecraft:spruce_log":7,"minecraft:spider_eye":1,"minecraft:mossy_cobblestone":1,"minecraft:bundle":3,"minecraft:iron_hoe":1,"minecraft:polished_andesite":1,"minecraft:polished_diorite":3,"minecraft:diamond":4,"minecraft:stone_axe":1,"iceandfire:dread_stone_bricks_mossy":1,"luminousworld:blueberry":6,"minecraft:granite":1,"minecraft:painting":2,"minecraft:emerald":1,"tombstone:magic_scroll":2,"minecraft:coal":30,"iceandfire:raw_silver":4,"minecraft:ender_pearl":1},"minecraft:killed":{"minecraft:cave_spider":2,"luminousworld:frost_golem":1,"iceandfire:dread_beast":10,"enemyexpansion:direwolf":2,"born_in_chaos_v1:maggot":3,"creeperoverhaul:snowy_creeper":1,"minecraft:skeleton":10,"iceandfire:dread_thrall":8,"iceandfire:dread_scuttler":1,"earthmobsmod:albino_cow":3,"minecraft:pig":2,"born_in_chaos_v1:diamond_termite":1,"born_in_chaos_v1:swarmer":1,"minecraft:rabbit":1,"enemyexpansion:sprinter":1,"earthmobsmod:cream_cow":1,"earthmobsmod:wooly_cow":3,"born_in_chaos_v1:decrepit_skeleton":2,"minecraft:sheep":1,"born_in_chaos_v1:phantom_creeper_copy":1,"endermanoverhaul:cave_enderman":1,"minecraft:zombie":36,"iceandfire:ghost":1,"born_in_chaos_v1:corpse_fly":6,"enemyexpansion:botfly":12,"iceandfire:dread_ghoul":2,"born_in_chaos_v1:door_knight":1},"minecraft:broken":{"minecraft:stone_pickaxe":1,"minecraft:stone_axe":1,"minecraft:iron_sword":1,"minecraft:iron_helmet":1},"minecraft:dropped":{"minecraft:brown_mushroom":2,"minecraft:oak_log":20,"luminousworld:ishstone":1,"minecraft:mossy_cobblestone":1,"minecraft:cobblestone":18,"minecraft:cyan_terracotta":1,"born_in_chaos_v1:black_argillite":1,"minecraft:torch":17,"minecraft:zombie_head":1,"tombstone:grave_dust":8,"minecraft:polished_andesite_stairs":1,"minecraft:string":1,"minecraft:dandelion":1,"minecraft:stone_axe":2,"minecraft:smooth_stone_slab":2,"tombstone:gift":3,"minecraft:rotten_flesh":34,"quark:shale":2,"minecraft:poppy":2,"supplementaries:flax_seeds":3,"supplementaries:ash":2,"minecraft:stone":1,"minecraft:flower_pot":1,"minecraft:skeleton_skull":1,"minecraft:spider_eye":1,"minecraft:spruce_slab":1,"minecraft:stone_pickaxe":1},"minecraft:used":{"quark:shale":3,"minecraft:spruce_planks":8,"minecraft:shield":23,"minecraft:stone":17,"minecraft:iron_sword":301,"minecraft:torch":3,"minecraft:dirt":19,"minecraft:spruce_stairs":1,"minecraft:carrot":1,"minecraft:granite":1,"ad_astra:tier_1_rover":1,"born_in_chaos_v1:supreme_measure":4,"born_in_chaos_v1:corpse_maggot":3,"minecraft:cyan_terracotta":2,"luminousworld:blueberry":6,"minecraft:iron_axe":6,"alexscaves:submarine":1,"luminousworld:frost_golem_plaque":1,"minecraft:golden_carrot":2,"minecraft:sweet_berries":8,"minecraft:furnace":5,"minecraft:cooked_beef":14,"quark:permafrost":1,"minecraft:cobbled_deepslate":17,"minecraft:brown_bed":1,"minecraft:calcite":7,"minecraft:cooked_mutton":2,"minecraft:cobblestone_stairs":1,"minecraft:polished_andesite":1,"minecraft:stone_pickaxe":212,"minecraft:oak_planks":48,"minecraft:ender_pearl":1,"minecraft:wooden_pickaxe":3,"minecraft:diamond_axe":85,"minecraft:white_wool":1,"minecraft:crafting_table":7,"alexscaves:cave_book":2,"minecraft:black_bed":1,"minecraft:spruce_log":1,"tombstone:bag_of_seeds":2,"minecraft:oak_log":2,"sophisticatedbackpacks:backpack":1,"minecraft:iron_pickaxe":76,"minecraft:gray_candle":4,"minecraft:stone_axe":121,"minecraft:wooden_sword":10,"minecraft:cobblestone":24,"minecraft:cooked_porkchop":3,"minecraft:dark_oak_fence":2,"minecraft:andesite":7,"minecraft:coarse_dirt":2},"minecraft:killed_by":{"iceandfire:dread_beast":9,"minecraft:player":2,"undead_revamp2:the_moonflower":1,"endermanoverhaul:cave_enderman":1,"iceandfire:dread_thrall":1,"iceandfire:dread_ghoul":1,"iceandfire:dread_knight":3,"minecraft:skeleton":3,"enemyexpansion:botfly":1,"minecraft:zombie":3},"minecraft:custom":{"minecraft:mob_kills":119,"minecraft:interact_with_crafting_table":29,"minecraft:open_barrel":16,"minecraft:interact_with_campfire":9,"minecraft:damage_dealt_resisted":728,"minecraft:leave_game":5,"minecraft:time_since_death":540,"minecraft:climb_one_cm":1511,"minecraft:sprint_one_cm":437458,"minecraft:walk_one_cm":360889,"minecraft:damage_blocked_by_shield":773,"minecraft:drop":38,"minecraft:talked_to_villager":2,"minecraft:play_time":242833,"minecraft:deaths":28,"minecraft:sneak_time":16106,"minecraft:walk_under_water_one_cm":30939,"minecraft:jump":2076,"minecraft:interact_with_brewingstand":1,"minecraft:walk_on_water_one_cm":48108,"minecraft:total_world_time":242833,"minecraft:interact_with_furnace":31,"minecraft:interact_with_loom":6,"minecraft:sleep_in_bed":1,"minecraft:time_since_rest":356,"minecraft:damage_taken":8532,"minecraft:trigger_trapped_chest":1,"minecraft:damage_dealt":27014,"minecraft:swim_one_cm":13543,"minecraft:fly_one_cm":781984,"minecraft:open_chest":40,"minecraft:crouch_one_cm":34644,"tombstone:undead_killed":72,"minecraft:fall_one_cm":50586}},"DataVersion":3465}