{"stats":{"minecraft:custom":{"minecraft:interact_with_crafting_table":49,"minecraft:open_barrel":45,"minecraft:leave_game":8,"minecraft:time_since_death":9361,"minecraft:damage_resisted":38,"minecraft:sprint_one_cm":1202388,"minecraft:damage_blocked_by_shield":3153,"minecraft:drop":77,"minecraft:talked_to_villager":7,"minecraft:play_time":541783,"minecraft:deaths":86,"minecraft:jump":5826,"minecraft:interact_with_brewingstand":1,"minecraft:walk_on_water_one_cm":83808,"minecraft:interact_with_furnace":64,"minecraft:interact_with_loom":7,"minecraft:sleep_in_bed":3,"minecraft:damage_dealt":53295,"minecraft:crouch_one_cm":103463,"tombstone:undead_killed":132,"minecraft:interact_with_smoker":3,"minecraft:mob_kills":274,"minecraft:interact_with_campfire":9,"minecraft:damage_dealt_resisted":766,"minecraft:climb_one_cm":12228,"minecraft:walk_one_cm":824494,"minecraft:sneak_time":43565,"minecraft:walk_under_water_one_cm":78766,"minecraft:interact_with_blast_furnace":7,"minecraft:total_world_time":541783,"tombstone:raider_killed":1,"minecraft:tune_noteblock":3,"minecraft:time_since_rest":8862,"minecraft:damage_taken":27764,"minecraft:trigger_trapped_chest":3,"minecraft:swim_one_cm":144343,"minecraft:fly_one_cm":1943378,"minecraft:open_chest":147,"minecraft:fall_one_cm":207844},"minecraft:picked_up":{"iceandfire:dread_stone_bricks":11,"minecraft:iron_chestplate":2,"minecraft:wheat":17,"luminousworld:blackberry":5,"minecraft:flower_pot":2,"minecraft:brown_bed":4,"born_in_chaos_v1:black_argillite":1,"minecraft:string":27,"minecraft:dark_oak_trapdoor":2,"minecraft:raw_copper":4,"minecraft:iron_leggings":1,"minecraft:smooth_stone_slab":4,"minecraft:armor_stand":2,"minecraft:zombie_head":1,"minecraft:experience_bottle":1,"minecraft:tnt_minecart":1,"minecraft:smooth_stone":2,"minecraft:gold_nugget":772,"minecraft:cobbled_deepslate":35,"minecraft:spruce_planks":18,"iceandfire:dragonforge_ice_brick":1,"minecraft:calcite":8,"minecraft:coal_block":16,"iceandfire:dragonscales_red":21,"minecraft:mangrove_log":2,"minecraft:furnace":5,"minecraft:stick":1,"minecraft:green_bed":1,"minecraft:oak_fence":5,"born_in_chaos_v1:phantom_powder":2,"minecraft:torch":5,"minecraft:spruce_stairs":4,"iceandfire:dread_sword":1,"minecraft:porkchop":5,"minecraft:pointed_dripstone":8,"tombstone:grave_dust":10,"minecraft:brown_carpet":3,"minecraft:honey_bottle":2,"minecraft:rotten_flesh":60,"iceandfire:fire_dragon_heart":2,"minecraft:iron_block":1,"minecraft:cyan_terracotta":3,"supplementaries:ash":15,"minecraft:iron_bars":2,"undead_revamp2:arapholia":2,"minecraft:cobblestone":109,"minecraft:birch_log":5,"minecraft:feather":8,"minecraft:cooked_beef":9,"minecraft:repeater":12,"minecraft:andesite":10,"minecraft:black_bed":2,"minecraft:brown_wool":14,"luminousworld:frost_golem_plaque":1,"artifacts:thorn_pendant":1,"minecraft:potato":130,"minecraft:tuff":1,"supplementaries:flax_seeds":4,"born_in_chaos_v1:black_argillite_button":1,"minecraft:lapis_lazuli":15,"minecraft:dirt":38,"iceandfire:dragonscales_bronze":6,"minecraft:lantern":3,"minecraft:bone":50,"minecraft:bow":1,"minecraft:wheat_seeds":37,"minecraft:raw_gold":22,"minecraft:gray_candle":4,"minecraft:oak_planks":36,"minecraft:diorite_wall":1,"quark:shale":5,"iceandfire:dragon_skull_fire":2,"minecraft:sand":21,"minecraft:dead_bush":1,"iceandfire:dragonbone_sword_lightning":1,"minecraft:mossy_cobblestone":2,"minecraft:bundle":3,"minecraft:iron_hoe":2,"minecraft:polished_andesite":1,"born_in_chaos_v1:fire_dust":3,"minecraft:diamond":9,"minecraft:deepslate":1,"luminousworld:yellowpetunias":1,"iceandfire:dread_stone_bricks_mossy":1,"luminousworld:blueberry":6,"minecraft:granite":1,"minecraft:golden_apple":1,"minecraft:emerald":1,"minecraft:chainmail_helmet":1,"minecraft:light_gray_carpet":1,"minecraft:dark_oak_fence":1,"iceandfire:silver_nugget":40,"iceandfire:raw_silver":7,"minecraft:spruce_leaves":1,"minecraft:charcoal":8,"minecraft:coarse_dirt":2,"minecraft:crafting_table":9,"born_in_chaos_v1:diamond_termite_shard":1,"minecraft:brown_mushroom":3,"friendsandfoes:totem_of_illusion":1,"minecraft:cornflower":1,"minecraft:oak_trapdoor":5,"minecraft:iron_axe":1,"born_in_chaos_v1:intoxicating_decoction":4,"quark:yellow_shard":2,"minecraft:white_carpet":5,"minecraft:iron_shovel":1,"minecraft:beef":18,"quark:permafrost":1,"iceandfire:dread_shard":26,"minecraft:poppy":7,"minecraft:spruce_slab":6,"minecraft:sugar_cane":2,"minecraft:chest":1,"minecraft:raw_iron":61,"iceandfire:dragonbone":17,"minecraft:stone":1,"minecraft:copper_ingot":7,"iceandfire:chared_grass":2,"minecraft:spruce_fence":5,"sophisticatedbackpacks:backpack":1,"minecraft:cookie":5,"born_in_chaos_v1:pieceofdarkmetal":6,"minecraft:carrot":36,"minecraft:redstone":24,"minecraft:dark_oak_planks":2,"minecraft:tnt":6,"minecraft:arrow":11,"minecraft:peony":1,"undead_revamp2:the_somnolenceextract":1,"minecraft:brick_stairs":1,"minecraft:mutton":2,"minecraft:rail":20,"minecraft:skeleton_skull":2,"minecraft:white_wool":6,"born_in_chaos_v1:corpse_maggot":17,"minecraft:dark_oak_button":3,"luminousworld:ishstone":1,"minecraft:leather":10,"minecraft:oak_log":40,"minecraft:chainmail_chestplate":1,"iceandfire:ectoplasm":2,"iceandfire:dread_stone_bricks_cracked":2,"minecraft:gunpowder":2,"minecraft:cobblestone_stairs":1,"minecraft:blue_bed":1,"minecraft:paper":1,"minecraft:cooked_mutton":1,"minecraft:red_carpet":2,"minecraft:iron_ingot":1,"born_in_chaos_v1:chipped_black_argillite_brick":2,"iceandfire:dread_stone_stairs":2,"tombstone:bag_of_seeds":2,"iceandfire:fire_dragon_flesh":3,"minecraft:gray_bed":1,"minecraft:iron_sword":5,"minecraft:dark_oak_stairs":1,"minecraft:polished_andesite_stairs":1,"iceandfire:copper_nugget":56,"minecraft:dark_oak_slab":2,"iceandfire:ash":2,"minecraft:dandelion":3,"minecraft:dripstone_block":1,"minecraft:blast_furnace":1,"minecraft:spruce_log":33,"minecraft:dark_oak_fence_gate":2,"minecraft:spider_eye":1,"minecraft:polished_diorite_stairs":1,"minecraft:slime_ball":1,"minecraft:polished_diorite":14,"minecraft:stone_axe":1,"minecraft:chainmail_leggings":1,"alexsmobs:rainbow_jelly":2,"minecraft:painting":2,"iceandfire:dragonforge_ice_input":1,"tombstone:magic_scroll":3,"minecraft:black_wool":3,"iceandfire:chared_gravel":2,"minecraft:coal":48,"minecraft:ender_pearl":2},"minecraft:used":{"minecraft:iron_shovel":4,"minecraft:spruce_slab":5,"minecraft:poppy":4,"quark:shale":3,"minecraft:shield":119,"minecraft:stone":17,"minecraft:iron_sword":657,"minecraft:carrot":1,"minecraft:tuff":1,"born_in_chaos_v1:corpse_maggot":3,"iceandfire:dread_torch":1,"minecraft:cyan_terracotta":2,"minecraft:packed_ice":1,"friendsandfoes:totem_of_illusion":1,"luminousworld:blueberry":6,"minecraft:dark_oak_button":2,"minecraft:red_carpet":2,"minecraft:brown_carpet":2,"minecraft:sweet_berries":8,"supplementaries:ash":8,"minecraft:furnace":6,"quark:permafrost":1,"minecraft:dark_oak_stairs":1,"minecraft:stone_pickaxe":212,"minecraft:mangrove_planks":1,"minecraft:oak_planks":89,"minecraft:wooden_pickaxe":3,"minecraft:ender_pearl":1,"minecraft:blue_bed":1,"iceandfire:dread_stone_bricks":10,"minecraft:diamond_axe":211,"minecraft:white_wool":1,"minecraft:sand":17,"alexscaves:cave_book":2,"minecraft:blast_furnace":1,"iceandfire:dragonbone_sword_lightning":191,"minecraft:dripstone_block":1,"minecraft:black_bed":1,"minecraft:shears":2,"sophisticatedbackpacks:backpack":1,"minecraft:bread":33,"minecraft:brown_wool":4,"iceandfire:dread_sword":48,"minecraft:deepslate":1,"minecraft:golden_helmet":1,"minecraft:wooden_sword":10,"iceandfire:dragon_skull_fire":1,"minecraft:dark_oak_fence":2,"minecraft:andesite":10,"minecraft:coarse_dirt":2,"minecraft:redstone":1,"minecraft:spruce_planks":80,"minecraft:torch":65,"minecraft:dirt":38,"minecraft:spruce_stairs":3,"minecraft:granite":1,"minecraft:spruce_fence":1,"ad_astra:tier_1_rover":1,"minecraft:polished_diorite":14,"born_in_chaos_v1:supreme_measure":5,"born_in_chaos_v1:chipped_black_argillite_brick":2,"born_in_chaos_v1:black_argillite_button":1,"quark:spruce_chest":4,"minecraft:iron_axe":6,"alexscaves:submarine":1,"luminousworld:frost_golem_plaque":1,"minecraft:golden_carrot":2,"minecraft:cooked_beef":15,"minecraft:cobbled_deepslate":34,"minecraft:iron_leggings":1,"minecraft:brown_bed":4,"minecraft:calcite":8,"minecraft:cooked_mutton":2,"iceandfire:fire_dragon_flesh":2,"minecraft:cobblestone_stairs":1,"minecraft:glass_bottle":1,"luminousworld:blackberry":3,"minecraft:polished_andesite":1,"minecraft:baked_potato":47,"minecraft:mossy_cobblestone":1,"minecraft:tnt":3,"minecraft:crafting_table":11,"iceandfire:dread_stone_bricks_mossy":2,"minecraft:spruce_log":1,"tombstone:bag_of_seeds":2,"minecraft:oak_log":2,"minecraft:diamond_pickaxe":95,"minecraft:iron_pickaxe":238,"minecraft:gray_candle":4,"minecraft:tnt_minecart":1,"iceandfire:ash":3,"minecraft:golden_leggings":1,"minecraft:stone_axe":121,"minecraft:cobblestone":65,"minecraft:cooked_porkchop":4,"minecraft:dandelion":1,"minecraft:smooth_stone":1,"iceandfire:dread_stone_bricks_cracked":2},"minecraft:dropped":{"minecraft:iron_sword":1,"minecraft:brown_mushroom":2,"minecraft:oak_log":20,"minecraft:dark_oak_button":1,"minecraft:mangrove_planks":1,"iceandfire:ectoplasm":4,"minecraft:cyan_terracotta":1,"tombstone:bag_of_seeds":1,"minecraft:dark_oak_planks":2,"minecraft:birch_log":5,"iceandfire:dread_shard":8,"minecraft:bone":7,"minecraft:stone_axe":2,"tombstone:gift":4,"minecraft:rotten_flesh":48,"quark:shale":2,"minecraft:poppy":2,"supplementaries:flax_seeds":4,"supplementaries:ash":3,"minecraft:skeleton_skull":1,"minecraft:spruce_slab":1,"minecraft:arrow":2,"minecraft:iron_ingot":1,"minecraft:wheat_seeds":3,"minecraft:golden_helmet":1,"luminousworld:ishstone":1,"minecraft:mossy_cobblestone":1,"minecraft:cobblestone":21,"born_in_chaos_v1:black_argillite":1,"minecraft:torch":17,"minecraft:repeater":12,"minecraft:rose_bush":1,"minecraft:zombie_head":1,"tombstone:grave_dust":8,"minecraft:polished_andesite_stairs":1,"minecraft:paper":1,"minecraft:string":1,"minecraft:dandelion":2,"minecraft:creeper_head":1,"minecraft:smooth_stone_slab":2,"minecraft:green_bed":1,"minecraft:stone":1,"minecraft:flower_pot":1,"minecraft:peony":1,"minecraft:spruce_planks":19,"minecraft:bundle":2,"minecraft:spider_eye":1,"minecraft:stone_pickaxe":1,"iceandfire:dragonbone_sword_lightning":1},"minecraft:killed":{"undead_revamp2:thewolf":1,"minecraft:cave_spider":3,"born_in_chaos_v1:zombie_lumberjack":1,"luminousworld:frost_golem":1,"enemyexpansion:equestrian":2,"luminousworld:frost_bitten_skeleton":1,"undead_revamp2:axestrom":4,"minecraft:skeleton":11,"minecraft:silverfish":2,"undead_revamp2:therod":1,"minecraft:illusioner":1,"iceandfire:dread_scuttler":1,"born_in_chaos_v1:firelight_not_despawn":3,"undead_revamp2:thespitter":1,"artifacts:mimic":1,"minecraft:pig":2,"born_in_chaos_v1:diamond_termite":1,"minecraft:sheep":1,"minecraft:zombie":38,"born_in_chaos_v1:corpse_fly":12,"enemyexpansion:botfly":12,"undead_revamp2:theskeeper":1,"iceandfire:dread_ghoul":8,"born_in_chaos_v1:door_knight":1,"born_in_chaos_v1:zombie_clown_not_despawn":2,"iceandfire:dread_beast":10,"enemyexpansion:direwolf":3,"born_in_chaos_v1:maggot":14,"creeperoverhaul:snowy_creeper":1,"iceandfire:dread_knight":7,"iceandfire:dread_thrall":27,"iceandfire:fire_dragon":1,"alexsmobs:comb_jelly":1,"earthmobsmod:albino_cow":3,"friendsandfoes:copper_golem":1,"born_in_chaos_v1:fallen_chaos_knight":1,"minecraft:husk":4,"born_in_chaos_v1:swarmer":2,"undead_revamp2:the_moonflower":3,"minecraft:rabbit":1,"enemyexpansion:sprinter":1,"earthmobsmod:cream_cow":1,"earthmobsmod:wooly_cow":4,"born_in_chaos_v1:decrepit_skeleton":3,"born_in_chaos_v1:phantom_creeper_copy":1,"born_in_chaos_v1:bloody_gadfly":1,"undead_revamp2:thesomnolence":1,"endermanoverhaul:cave_enderman":2,"iceandfire:ghost":6},"minecraft:killed_by":{"undead_revamp2:the_moonflower":1,"endermanoverhaul:cave_enderman":2,"alexsmobs:tusklin":1,"iceandfire:dread_ghoul":17,"iceandfire:sea_serpent":3,"minecraft:zombie":3,"luminousworld:frostbitten_zombie":1,"iceandfire:fire_dragon":6,"takesapillage:clay_golem":1,"minecraft:husk":3,"iceandfire:dread_beast":11,"minecraft:player":3,"iceandfire:dread_thrall":4,"iceandfire:dread_knight":12,"minecraft:skeleton":9,"enemyexpansion:botfly":1},"minecraft:mined":{"minecraft:spruce_planks":25,"iceandfire:dread_torch":1,"iceandfire:copper_pile":8,"minecraft:cobblestone_stairs":1,"minecraft:potted_dead_bush":1,"minecraft:granite":1,"born_in_chaos_v1:dark_metal_deposit":1,"minecraft:grass_block":18,"iceandfire:dread_spawner":13,"minecraft:coal_block":16,"minecraft:spawner":12,"minecraft:smooth_stone":3,"minecraft:dark_oak_trapdoor":2,"minecraft:iron_ore":40,"minecraft:cobbled_deepslate":9,"minecraft:fire":25,"minecraft:dark_oak_stairs":1,"minecraft:brown_bed":4,"iceandfire:gold_pile":66,"minecraft:iron_bars":2,"minecraft:iron_block":1,"iceandfire:dread_stone_bricks_cracked":3,"minecraft:spruce_slab":6,"minecraft:deepslate_redstone_ore":4,"minecraft:potted_brown_mushroom":1,"minecraft:cyan_terracotta":2,"minecraft:powder_snow":42,"minecraft:blast_furnace":1,"minecraft:calcite":4,"minecraft:poppy":7,"minecraft:polished_andesite_stairs":1,"minecraft:chest":1,"minecraft:dead_bush":1,"minecraft:cobblestone":17,"minecraft:oak_planks":31,"minecraft:wall_torch":2,"minecraft:skeleton_skull":1,"minecraft:polished_diorite_stairs":1,"minecraft:dark_oak_slab":1,"minecraft:birch_log":5,"minecraft:black_bed":3,"minecraft:tnt":6,"minecraft:smooth_stone_slab":5,"iceandfire:dragonforge_ice_input":1,"minecraft:grass":11,"iceandfire:dread_stone_bricks_mossy":2,"minecraft:oak_log":31,"minecraft:diorite_wall":4,"minecraft:sand":21,"minecraft:dirt":20,"luminousworld:grassvariant_3":2,"minecraft:yellow_stained_glass":1,"minecraft:oak_leaves":4,"iceandfire:dread_stone_bricks":11,"minecraft:deepslate":30,"minecraft:red_carpet":1,"minecraft:tuff":1,"iceandfire:silver_ore":7,"minecraft:mossy_cobblestone":2,"quark:shale":5,"minecraft:deepslate_diamond_ore":9,"born_in_chaos_v1:infected_diamond_ore":1,"minecraft:dark_oak_fence":1,"minecraft:spruce_fence":5,"born_in_chaos_v1:black_argillite":1,"minecraft:brick_stairs":1,"minecraft:redstone_wire":1,"luminousworld:grassvariant_2":6,"minecraft:spruce_leaves":15,"iceandfire:dragonforge_ice_brick":1,"iceandfire:chared_grass":2,"minecraft:large_fern":1,"minecraft:oak_trapdoor":6,"minecraft:furnace":5,"iceandfire:chared_gravel":2,"minecraft:dark_oak_fence_gate":3,"minecraft:andesite":5,"iceandfire:dragon_bone_block":1,"minecraft:peony":1,"minecraft:vine":1,"minecraft:deepslate_iron_ore":18,"minecraft:rail":20,"luminousworld:snowgrass":1,"minecraft:packed_ice":5,"quark:permafrost":1,"minecraft:stone":93,"sophisticatedbackpacks:backpack":1,"minecraft:light_gray_carpet":1,"born_in_chaos_v1:marigolds":1,"minecraft:brown_carpet":3,"minecraft:dandelion":4,"minecraft:oak_fence":3,"minecraft:crafting_table":9,"iceandfire:dread_stone_slab":1,"minecraft:rose_bush":1,"iceandfire:dread_stone_stairs":2,"minecraft:campfire":4,"minecraft:copper_ore":1,"minecraft:tall_grass":4,"born_in_chaos_v1:chipped_black_argillite_brick":2,"minecraft:deepslate_gold_ore":6,"minecraft:lapis_ore":2,"minecraft:blue_bed":1,"supplementaries:urn":3,"minecraft:spruce_stairs":10,"minecraft:coarse_dirt":2,"minecraft:ice":2,"minecraft:gray_bed":1,"minecraft:white_carpet":6,"minecraft:spruce_log":34,"iceandfire:ash":1,"minecraft:coal_ore":48,"iceandfire:silver_pile":12,"luminousworld:ishstone":1,"minecraft:zombie_head":1,"minecraft:dripstone_block":1,"minecraft:cobweb":25,"minecraft:polished_andesite":1,"minecraft:gold_ore":5},"minecraft:crafted":{"minecraft:oak_planks":72,"aether:golden_gloves":1,"minecraft:cooked_mutton":2,"minecraft:glass":4,"minecraft:iron_boots":1,"tombstone:grave_key":1,"minecraft:glass_bottle":3,"sophisticatedbackpacks:backpack":1,"minecraft:cooked_porkchop":5,"minecraft:crafting_table":2,"minecraft:spruce_planks":132,"minecraft:baked_potato":152,"minecraft:wooden_pickaxe":1,"minecraft:iron_helmet":1,"iceandfire:armor_red_chestplate":1,"minecraft:diamond_pickaxe":1,"minecraft:iron_chestplate":1,"minecraft:shield":1,"minecraft:stick":40,"minecraft:iron_ingot":61,"minecraft:iron_pickaxe":1,"minecraft:gold_ingot":85,"iceandfire:armor_bronze_helmet":1,"minecraft:shears":1,"minecraft:wooden_sword":1,"minecraft:furnace":1,"iceandfire:armor_red_leggings":1,"minecraft:stone_pickaxe":2,"iceandfire:armor_red_boots":1,"quark:spruce_chest":4,"sophisticatedbackpacks:iron_backpack":1,"minecraft:cooked_beef":8,"minecraft:coal_block":2,"minecraft:mangrove_planks":8,"minecraft:stone_axe":2,"minecraft:bread":5,"minecraft:air":0,"minecraft:white_wool":1,"minecraft:iron_leggings":1,"minecraft:torch":72},"minecraft:broken":{"aether:golden_gloves":1,"minecraft:iron_boots":1,"minecraft:iron_chestplate":1,"minecraft:iron_leggings":1,"minecraft:stone_pickaxe":1,"minecraft:chainmail_chestplate":5,"minecraft:stone_axe":1,"minecraft:iron_sword":2,"iceandfire:dread_sword":1,"minecraft:chainmail_leggings":1,"aether:iron_gloves":1,"minecraft:chainmail_helmet":1,"minecraft:shield":1,"minecraft:iron_pickaxe":1,"minecraft:iron_helmet":1}},"DataVersion":3465}